Дж 18;popular_memorials;гранит;черный;99 см;140 кг;850*1000*50;
Дж 22;popular_memorials;гранит;черный;114 см;74 кг;1000*600*60;
Дж 37;popular_memorials;гранит;черный;150 см;220 кг;1300*600*80;
Дж 42 100;popular_memorials;гранит;черный;112 см;100 кг;1000*500*50;
Дж 54 80;popular_memorials;гранит;черный;92 см;80 кг;800*400*50;
Дж 54 100;popular_memorials;гранит;черный;112 см;100 кг;1000*500*50;
Дж 54;popular_memorials;гранит;черный;130 см;180 кг;1100*600*70;
Дж 64 80;popular_memorials;гранит;черный;92 см;80 кг;800*400*50;
Дж 67;popular_memorials;гранит;черный;130 см;180 кг;1100*600*70;
Дж 75;popular_memorials;гранит;черный;150 см;220 кг;1300*600*80;
Дж 76;popular_memorials;гранит;черный;134 см;160 кг;1200*600*60;
Дж 80;popular_memorials;гранит;черный;170 см;250 кг;1500*400*100;
Дж 85;popular_memorials;гранит;черный;140 см;190 кг;1200*550*70;
Дж 90;popular_memorials;гранит;черный;130 см;180 кг;1100*600*70;
Дж 91;popular_memorials;гранит;черный;130 см;180 кг;1100*600*70;
Ем 11 100 светло серый с БГП;popular_memorials;гранит;светло-серый;112 см;100 кг;1000*450*50;
Ем 11 100 темно серый с БГП;popular_memorials;гранит;темно-серый;112 см;102 кг;1000*450*50;
Ем 18 80 светло серый;popular_memorials;гранит;светло-серый;92 см;80 кг;800*400*50;
Ем 29 семейный;popular_memorials;гранит;черный;120 см;160 кг;1100*600*70;
Ем 55 кор;popular_memorials;гранит;коричневый;120 см;180 кг;1000*600*70;
Ем 55 син;popular_memorials;гранит;синий;120 см;180 кг;1000*600*70;
Ем 57 син;popular_memorials;гранит;синий;130 см;180 кг;1100*600*70;
Ем 76;popular_memorials;гранит;черный;130 см;180 кг;1100*600*70;
Ем 80 кор;popular_memorials;гранит;коричневый;130 см;180 кг;1100*600*70;
Ем 80 красн;popular_memorials;гранит;красный;130 см;180 кг;1100*600*70;
Ем 81 красн;popular_memorials;гранит;красный;130 см;180 кг;1100*600*70;
Ем 110;popular_memorials;гранит;черный;130 см;180 кг;1100*600*70;
Ме 9 эконом;popular_memorials;гранит;черный;67 см;120 кг;650*1100*50;
Ме 19 эконом;popular_memorials;гранит;черный;67 см;120 кг;650*1100*50;
Ме 30 80;popular_memorials;гранит;черный;92 см;80 кг;800*400*50;
Ме 30 100;popular_memorials;гранит;черный;112 см;100 кг;1000*500*50;
Ме 38 100;popular_memorials;гранит;черный;112 см;100 кг;1000*500*50;
Ме 56 зел;popular_memorials;гранит;зеленый;130 см;150 кг;1100*500*70;
Ме 65 зел;popular_memorials;гранит;зеленый;130 см;180 кг;1100*600*70;
Ме 80 40 5 прямой;popular_memorials;гранит;черный;92 см;80 кг;800*400*50;
Ме 110;popular_memorials;гранит;черный;120 см;200 кг;1100*500*70 - 2 шт;
Ме 202 80 светло серый с БГП;popular_memorials;гранит;светло-серый;92 см;83 кг;800*400*50;
Ме 202 80;popular_memorials;гранит;черный;92 см;80 кг;800*400*50;
Ме 202 100;popular_memorials;гранит;черный;112 см;100 кг;1000*500*50;
Ме 225 80;popular_memorials;гранит;черный;92 см;80 кг;800*400*50;
Ме 237 100;popular_memorials;гранит;черный;112 см;100 кг;1000*500*50;
Ме 239 100;popular_memorials;гранит;черный;112 см;100 кг;1000*500*50;
Ме 513;popular_memorials;гранит;черный;130 см;180 кг;1100*600*70;
Ме 514;popular_memorials;гранит;черный;130 см;180 кг;1100*600*70;
Ме 607 80 светло серый с БГП;popular_memorials;гранит;светло-серый;92 см;83 кг;800*400*50;
Ме 611 эконом;popular_memorials;гранит;черный;67 см;120 кг;650*1100*50;
Ем 18 80 светло серый;energo80_gray;гранит;светло-серый;92 см;80 кг;800*400*50;
Ем 19 80 светло серый;energo80_gray;гранит;светло-серый;92 см;80 кг;800*400*50;
Ем 29 80 светло серый;energo80_gray;гранит;светло-серый;92 см;80 кг;800*400*50;
Ем 48 80 светло серый;energo80_gray;гранит;светло-серый;92 см;80 кг;800*400*50;
Ем 58 80 светло серый;energo80_gray;гранит;светло-серый;92 см;80 кг;800*400*50;
Ем 18 80 светло серый с БГП;energo80_gray;гранит;светло-серый;92 см;83 кг;800*400*50;
Ем 19 80 светло серый с БГП;energo80_gray;гранит;светло-серый;92 см;83 кг;800*400*50;
Ме 202 80 светло серый;energo80_gray;гранит;светло-серый;92 см;80 кг;800*400*50;
Ме 607 80 светло серый;energo80_gray;гранит;светло-серый;92 см;80 кг;800*400*50;
Ме 608 80 светло серый;energo80_gray;гранит;светло-серый;92 см;80 кг;800*400*50;
Ме 202 80 светло серый с БГП;energo80_gray;гранит;светло-серый;92 см;83 кг;800*400*50;
Ме 607 80 светло серый с БГП;energo80_gray;гранит;светло-серый;92 см;83 кг;800*400*50;
Ме 608 80 светло серый с БГП;energo80_gray;гранит;светло-серый;92 см;83 кг;800*400*50;
Ем 13 80 темно серый;energo80_dgray;гранит;темно-серый;92 см;80 кг;800*400*50;
Ем 18 80 темно серый;energo80_dgray;гранит;темно-серый;92 см;80 кг;800*400*50;
Ем 19 80 темно серый;energo80_dgray;гранит;темно-серый;92 см;80 кг;800*400*50;
Ем 41 80 темно серый;energo80_dgray;гранит;темно-серый;92 см;80 кг;800*400*50;
Ем 48 80 темно серый;energo80_dgray;гранит;темно-серый;92 см;80 кг;800*400*50;
Ем 20 80 темно серый;energo80_dgray;гранит;темно-серый;92 см;80 кг;800*400*50;
Ем 23 80 темно серый;energo80_dgray;гранит;темно-серый;92 см;80 кг;800*400*50;
Ем 29 80 темно серый;energo80_dgray;гранит;темно-серый;92 см;80 кг;800*400*50;
Ем 39 80 темно серый;energo80_dgray;гранит;темно-серый;92 см;80 кг;800*400*50;
Ем 42 80 темно серый;energo80_dgray;гранит;темно-серый;92 см;80 кг;800*400*50;
Ем 55 80 темно серый;energo80_dgray;гранит;темно-серый;92 см;80 кг;800*400*50;
Ем 56 80 темно серый;energo80_dgray;гранит;темно-серый;92 см;80 кг;800*400*50;
Ем 57 80 темно серый;energo80_dgray;гранит;темно-серый;92 см;80 кг;800*400*50;
Ем 58 80 темно серый;energo80_dgray;гранит;темно-серый;92 см;80 кг;800*400*50;
Ем 10 80;energo80_black;гранит;черный;92 см;80 кг;800*400*50;
Ем 13 80;energo80_black;гранит;черный;92 см;80 кг;800*400*50;
Ем 19 80;energo80_black;гранит;черный;92 см;80 кг;800*400*50;
Ем 20 80;energo80_black;гранит;черный;92 см;80 кг;800*400*50;
Ем 28 80;energo80_black;гранит;черный;92 см;80 кг;800*400*50;
Ем 29 80;energo80_black;гранит;черный;92 см;80 кг;800*400*50;
Ем 42 80;energo80_black;гранит;черный;92 см;80 кг;800*400*50;
Ем 48 80;energo80_black;гранит;черный;92 см;80 кг;800*400*50;
Ем 55 80;energo80_black;гранит;черный;92 см;80 кг;800*400*50;
Ме 80 40 5 прямой;energo80_black;гранит;черный;92 см;80 кг;800*400*50;
Ме 30 80;energo80_black;гранит;черный;92 см;80 кг;800*400*50;
Ме 38 80;energo80_black;гранит;черный;92 см;80 кг;800*400*50;
Ме 46 80;energo80_black;гранит;черный;92 см;80 кг;800*400*50;
Ме 202 80;energo80_black;гранит;черный;92 см;80 кг;800*400*50;
Ме 223 80;energo80_black;гранит;черный;92 см;80 кг;800*400*50;
Ме 225 80;energo80_black;гранит;черный;92 см;80 кг;800*400*50;
Ме 501 80;energo80_black;гранит;черный;92 см;80 кг;800*400*50;
Ме 607 80;energo80_black;гранит;черный;92 см;80 кг;800*400*50;
Ме 608 80;energo80_black;гранит;черный;92 см;80 кг;800*400*50;
Ме 705 80;energo80_black;гранит;черный;92 см;80 кг;800*400*50;
Ем 112 80;energo80_black;гранит;черный;92 см;80 кг;800*400*50;
Дж 42 80;energo80_black;гранит;черный;92 см;80 кг;800*400*50;
Дж 53 80;energo80_black;гранит;черный;92 см;80 кг;800*400*50;
Дж 54 80;energo80_black;гранит;черный;92 см;80 кг;800*400*50;
Дж 55 80;energo80_black;гранит;черный;92 см;80 кг;800*400*50;
Дж 56 80;energo80_black;гранит;черный;92 см;80 кг;800*400*50;
Дж 57 80;energo80_black;гранит;черный;92 см;80 кг;800*400*50;
Дж 58 80;energo80_black;гранит;черный;92 см;80 кг;800*400*50;
Дж 59 80;energo80_black;гранит;черный;92 см;80 кг;800*400*50;
Дж 60 80;energo80_black;гранит;черный;92 см;80 кг;800*400*50;
Дж 61 80;energo80_black;гранит;черный;92 см;80 кг;800*400*50;
Дж 62 80;energo80_black;гранит;черный;92 см;80 кг;800*400*50;
Дж 63 80;energo80_black;гранит;черный;92 см;80 кг;800*400*50;
Дж 64 80;energo80_black;гранит;черный;92 см;80 кг;800*400*50;
Дж 66 80;energo80_black;гранит;черный;92 см;80 кг;800*400*50;
Дж 70 80;energo80_black;гранит;черный;92 см;80 кг;800*400*50;
Дж 74 80;energo80_black;гранит;черный;92 см;80 кг;800*400*50;
Дж 86 80;energo80_black;гранит;черный;92 см;80 кг;800*400*50;
Дж 89 80;energo80_black;гранит;черный;92 см;80 кг;800*400*50;
Ем 11 100 светло серый с БГП;energo100_gray;гранит;светло-серый;112 см;100 кг;1000*450*50;
Ем 18 100 светло серый с БГП;energo100_gray;гранит;светло-серый;112 см;100 кг;1000*450*50;
Ем 19 100 светло серый с БГП;energo100_gray;гранит;светло-серый;112 см;100 кг;1000*450*50;
Ем 21 100 светло серый с БГП;energo100_gray;гранит;светло-серый;112 см;100 кг;1000*450*50;
Ем 48 100 светло серый с БГП;energo100_gray;гранит;светло-серый;112 см;100 кг;1000*450*50;
Ем 15 100 светло серый с БГП;energo100_gray;гранит;светло-серый;112 см;100 кг;1000*500*50;
Ем 23 100 светло серый с БГП;energo100_gray;гранит;светло-серый;112 см;100 кг;1000*500*50;
Ем 29 100 светло серый с БГП;energo100_gray;гранит;светло-серый;112 см;100 кг;1000*500*50;
Ем 39 100 светло серый с БГП;energo100_gray;гранит;светло-серый;112 см;100 кг;1000*500*50;
Ем 42 100 светло серый с БГП;energo100_gray;гранит;светло-серый;112 см;100 кг;1000*500*50;
Ем 41 100 светло серый с БГП;energo100_gray;гранит;светло-серый;112 см;100 кг;1000*500*50;
Ем 11 100 темно серый;energo100_dgray;гранит;темно-серый;112 см;100 кг;1000*450*50;
Ем 15 100 темно серый;energo100_dgray;гранит;темно-серый;112 см;100 кг;1000*500*50;
Ем 21 100 темно серый;energo100_dgray;гранит;темно-серый;112 см;100 кг;1000*450*50;
Ем 20 100 темно серый;energo100_dgray;гранит;темно-серый;112 см;100 кг;1000*500*50;
Ем 23 100 темно серый;energo100_dgray;гранит;темно-серый;112 см;100 кг;1000*500*50;
Ем 29 100 темно серый;energo100_dgray;гранит;темно-серый;112 см;100 кг;1000*500*50;
Ем 41 100 темно серый;energo100_dgray;гранит;темно-серый;112 см;100 кг;1000*500*50;
Ем 56 100 темно серый;energo100_dgray;гранит;темно-серый;112 см;100 кг;1000*500*50;
Ем 57 100 темно серый;energo100_dgray;гранит;темно-серый;112 см;100 кг;1000*500*50;
Ем 58 100 темно серый;energo100_dgray;гранит;темно-серый;112 см;100 кг;1000*500*50;
Ем 11 100 темно серый с БГП;energo100_dgray;гранит;темно-серый;112 см;102 кг;1000*450*50;
Ем 15 100 темно серый с БГП;energo100_dgray;гранит;темно-серый;112 см;102 кг;1000*500*50;
Ем 18 100 темно серый с БГП;energo100_dgray;гранит;темно-серый;112 см;102 кг;1000*450*50;
Ем 19 100 темно серый с БГП;energo100_dgray;гранит;темно-серый;112 см;102 кг;1000*450*50;
Ем 23 100 темно серый с БГП;energo100_dgray;гранит;темно-серый;112 см;102 кг;1000*500*50;
Ем 29 100 темно серый с БГП;energo100_dgray;гранит;темно-серый;112 см;102 кг;1000*500*50;
Ем 56 100 темно серый с БГП;energo100_dgray;гранит;темно-серый;112 см;102 кг;1000*500*50;
Ем 57 100 темно серый с БГП;energo100_dgray;гранит;темно-серый;112 см;102 кг;1000*500*50;
Ем 58 100 темно серый с БГП;energo100_dgray;гранит;темно-серый;112 см;102 кг;1000*500*50;
Ме 100 45 5 прямой;energo100_black;гранит;черный;120 см;120 кг;1000*450*50;
Ем 13 100;energo100_black;гранит;черный;112 см;100 кг;1000*450*50;
Ем 19 100;energo100_black;гранит;черный;112 см;100 кг;1000*450*50;
Ем 41 100;energo100_black;гранит;черный;112 см;100 кг;1000*450*50;
Ем 48 100;energo100_black;гранит;черный;112 см;100 кг;1000*450*50;
Ем 55 100;energo100_black;гранит;черный;112 см;100 кг;1000*500*50;
Дж 40 100;energo100_black;гранит;черный;112 см;100 кг;1000*500*50;
Дж 42 100;energo100_black;гранит;черный;112 см;100 кг;1000*500*50;
Дж 53 100;energo100_black;гранит;черный;112 см;100 кг;1000*500*50;
Дж 54 100;energo100_black;гранит;черный;112 см;100 кг;1000*500*50;
Дж 55 100;energo100_black;гранит;черный;112 см;100 кг;1000*500*50;
Дж 56 100;energo100_black;гранит;черный;112 см;100 кг;1000*500*50;
Дж 57 100;energo100_black;гранит;черный;112 см;100 кг;1000*500*50;
Дж 58 100;energo100_black;гранит;черный;112 см;100 кг;1000*500*50;
Дж 59 100;energo100_black;гранит;черный;112 см;100 кг;1000*500*50;
Дж 60 100;energo100_black;гранит;черный;112 см;100 кг;1000*500*50;
Дж 61 100;energo100_black;гранит;черный;112 см;100 кг;1000*500*50;
Дж 62 100;energo100_black;гранит;черный;112 см;100 кг;1000*500*50;
Дж 63 100;energo100_black;гранит;черный;112 см;100 кг;1000*500*50;
Дж 64 100;energo100_black;гранит;черный;112 см;100 кг;1000*500*50;
Дж 66 100;energo100_black;гранит;черный;112 см;100 кг;1000*500*50;
Дж 67 100;energo100_black;гранит;черный;112 см;100 кг;1000*500*50;
Дж 70 100;energo100_black;гранит;черный;112 см;100 кг;1000*500*50;
Дж 74 100;energo100_black;гранит;черный;112 см;100 кг;1000*500*50;
Дж 86 100;energo100_black;гранит;черный;112 см;100 кг;1000*500*50;
Дж 89 100;energo100_black;гранит;черный;112 см;100 кг;1000*500*50;
Ме 26 100;energo100_black;гранит;черный;112 см;100 кг;1000*500*50;
Ме 30 100;energo100_black;гранит;черный;112 см;100 кг;1000*500*50;
Ме 38 100;energo100_black;гранит;черный;112 см;100 кг;1000*500*50;
Ме 46 100;energo100_black;гранит;черный;112 см;100 кг;1000*500*50;
Ме 51 100;energo100_black;гранит;черный;112 см;100 кг;1000*500*50;
Ме 202 100;energo100_black;гранит;черный;112 см;100 кг;1000*500*50;
Ме 223 100;energo100_black;гранит;черный;112 см;100 кг;1000*500*50;
Ме 225 100;energo100_black;гранит;черный;112 см;100 кг;1000*500*50;
Ме 236 100;energo100_black;гранит;черный;112 см;100 кг;1000*500*50;
Ме 237 100;energo100_black;гранит;черный;112 см;100 кг;1000*500*50;
Ме 239 100;energo100_black;гранит;черный;112 см;100 кг;1000*500*50;
Ме 501 100;energo100_black;гранит;черный;112 см;100 кг;1000*500*50;
Ме 502 100;energo100_black;гранит;черный;112 см;100 кг;1000*500*50;
Ме 513 100;energo100_black;гранит;черный;112 см;100 кг;1000*500*50;
Ме 514 100;energo100_black;гранит;черный;112 см;100 кг;1000*500*50;
Ме 603 100;energo100_black;гранит;черный;112 см;100 кг;1000*500*50;
Ме 607 100;energo100_black;гранит;черный;112 см;100 кг;1000*500*50;
Ме 608 100;energo100_black;гранит;черный;112 см;100 кг;1000*500*50;
Ме 100 45 7 прямой;vertical_black;гранит;черный;120 см;140 кг;1000*450*70 ;
Ме 24;vertical_black;гранит;черный;160 см;150 кг;ст.1000*500*70 кр.400*250*50;
Ме 25;vertical_black;гранит;черный;120 см;150 кг;1000*500*70;
Ме 29;vertical_black;гранит;черный;130 см;180 кг;1100*600*70;
Ме 30;vertical_black;гранит;черный;130 см;150 кг;1100*550*70;
Ме 31;vertical_black;гранит;черный;120 см;180 кг;1000*600*70;
Ме 31 ВН;vertical_black;гранит;черный;120 см;180 кг;1000*600*70;
Ме 37;vertical_black;гранит;черный;120 см;180 кг;1000*600*70;
Ме 38 ВН;vertical_black;гранит;черный;120 см;180 кг;1100*600*70;
Ме 42;vertical_black;гранит;черный;150 см;180 кг;ст.600*500*70 кр.700*350*50;
Ме 46;vertical_black;гранит;черный;130 см;150 кг;1100*550*70;
Ме 51;vertical_black;гранит;черный;130 см;150 кг;1100*500*70;
Ме 52;vertical_black;гранит;черный;130 см;150 кг;1100*500*70;
Ме 56;vertical_black;гранит;черный;130 см;150 кг;1100*500*70;
Ме 61;vertical_black;гранит;черный;120 см;150 кг;1000*550*70;
Ме 65;vertical_black;гранит;черный;130 см;180 кг;1100*600*70;
Ме 66;vertical_black;гранит;черный;120 см;150 кг;1000*550*70;
Ме 89 ВН;vertical_black;гранит;черный;130 см;;1100*600*70;
Ме 106;vertical_black;гранит;черный;130 см;;1100*500*70;
Ме 124;vertical_black;гранит;черный;130 см ;220 кг;1200*800*70;
Ме 125;vertical_black;гранит;черный;120 см;190 кг;1000*800*70;
Ме 130;vertical_black;гранит;черный;225 см;300 кг;ст.2000*450*100ст.1800*450*100ст.1000*500*160;
Ме 132;vertical_black;гранит;черный;212см;400 кг;кр.1300*700*100 пд120*600пд.300*500*200пд.400*400*150;
Ме 133 1;vertical_black;гранит;черный;150 см;250 кг;кр1000*500*70пд.500*650*250;
Ме 133 2;vertical_black;гранит;черный;180 см;260 кг;кр1200*600*80пд.600*400*250;
Ме 202;vertical_black;гранит;черный;130 см;;1100*500*70;
Ме 206;vertical_black;гранит;черный;120 см;180 кг;1000*600*70;
Ме 206 ВН;vertical_black;гранит;черный;120 см;180 кг;1000*600*70;
Ме 207;vertical_black;гранит;черный;120 см;180 кг;1000*600*70;
Ме 207 ВН;vertical_black;гранит;черный;120 см;180 кг;1000*600*70;
Ме 218;vertical_black;гранит;черный;120 см;150 кг;1000*550*70;
Ме 218 ВН;vertical_black;гранит;черный;120 см;150 кг;1000*550*70;
Ме 220;vertical_black;гранит;черный;130 см;180 кг;1100*600*70;
Ме 225;vertical_black;гранит;черный;130 см;180 кг;1100*600*70;
Ме 228;vertical_black;гранит;черный;120 см;150 кг;1000*500*70;
Ме 228 ВН;vertical_black;гранит;черный;120 см;150 кг;1000*500*70;
Ме 230;vertical_black;гранит;черный;130 см;180 кг;1100*600*70;
Ме 231 ВН;vertical_black;гранит;черный;130 см;180 кг;1100*600*70;
Ме 232 ВН;vertical_black;гранит;черный;130 см;180 кг;1100*600*70;
Ме 233;vertical_black;гранит;черный;130 см;150 кг;1100*550*70;
Ме 234 ВН;vertical_black;гранит;черный;82 см;140 кг;820*820*70;
Ме 235;vertical_black;гранит;черный;130 см;180 кг;1100*600*70;
Ме 236;vertical_black;гранит;черный;130 см;150 кг;1100*550*70;
Ме 237;vertical_black;гранит;черный;130 см;150 кг;1100*550*70;
Ме 239;vertical_black;гранит;черный;130 см;150 кг;1100*550*70;
Ме 240;vertical_black;гранит;черный;120 см;160 кг;1000*800*70;
Ме 241;vertical_black;гранит;черный;120 см;180 кг;1000*600*70;
Ме 242 ВН;vertical_black;гранит;черный;130 см;180 кг;1100*600*70;
Ме 246;vertical_black;гранит;черный;130 см;180 кг;1100*600*70;
Ме 247 ВН;vertical_black;гранит;черный;130 см;180 кг;1100*600*70;
Ме 248;vertical_black;гранит;черный;120 см;150 кг;1000*550*70;
Ме 248 ВН;vertical_black;гранит;черный;120 см;150 кг;1000*550*70;
Ме 251;vertical_black;гранит;черный;130 см;180 кг;1100*650*70;
Ме 253;vertical_black;гранит;черный;130 см;180 кг;1100*550*70;
Ме 502;vertical_black;гранит;черный;130 см;180 кг;1100*600*70;
Ме 502 ВН;vertical_black;гранит;черный;130 см;180 кг;1100*600*70;
Ме 503;vertical_black;гранит;черный;130 см;180 кг;1100*600*70;
Ме 505;vertical_black;гранит;черный;130 см;180 кг;1100*600*70;
Ме 506;vertical_black;гранит;черный;130 см;180 кг;1100*600*70;
Ме 507;vertical_black;гранит;черный;130 см;180 кг;1100*600*70;
Ме 510;vertical_black;гранит;черный;130 см;170 кг;1100*550*70;
Ме 511;vertical_black;гранит;черный;130 см;170 кг;1100*550*70;
Ме 512;vertical_black;гранит;черный;130 см;170 кг;1100*550*70;
Ме 513;vertical_black;гранит;черный;130 см;180 кг;1100*600*70;
Ме 513 ВН;vertical_black;гранит;черный;130 см;180 кг;1100*600*70;
Ме 514;vertical_black;гранит;черный;130 см;180 кг;1100*600*70;pr_black
Ме 515;vertical_black;гранит;черный;130 см;170 кг;1100*550*70;family_gray
Ме 600;vertical_black;гранит;черный;130 см;170 кг;1100*550*70;family_dgray
Ме 602;vertical_black;гранит;черный;130 см;170 кг;1100*550*70;family_black
Ме 602 ВН;vertical_black;гранит;черный;130 см;170 кг;1100*550*70;
Ме 603;vertical_black;гранит;черный;130 см;170 кг;1100*550*70;
Ме 607;vertical_black;гранит;черный;120 см;150 кг;1000*500*70;
Ме 608;vertical_black;гранит;черный;120 см;150 кг;1000*500*70;
Ме 609;vertical_black;гранит;черный;120 см;150 кг;1000*500*70;
Ме 614;vertical_black;гранит;черный;130 см;180 кг;1100*600*70;
Ме 614 ВН;vertical_black;гранит;черный;130 см;180 кг;1100*600*70;
Ме 700;vertical_black;гранит;черный;130 см;150 кг;1100*550*70;
Ме 700 ВН;vertical_black;гранит;черный;130 см;150 кг;1100*550*70;
Ме 701;vertical_black;гранит;черный;120 см;180 кг;1000*650*70;
Ме 702;vertical_black;гранит;черный;130 см;150 кг;1100*550*70;
Ме 703;vertical_black;гранит;черный;130 см;180 кг;1100*600*70;
Ме 704;vertical_black;гранит;черный;120 см;190 кг;1000*800*70;
Ме 705;vertical_black;гранит;черный;130 см;150 кг;1100*550*70;
Ме 801;vertical_black;гранит;черный;50 см;80 кг;500*650*250;
Ме 802;vertical_black;гранит;черный;65 см;80 кг;650*500*250;
Дж 22;vertical_black;гранит;черный;114 см;74 кг;1000*600*60;
Дж 26;vertical_black;гранит;черный;114 см;68 кг;1000*500*60;
Дж 27;vertical_black;гранит;черный;114 см;68 кг;1000*500*60;
Дж 37;vertical_black;гранит;черный;150 см;220 кг;1300*600*80;
Дж 39;vertical_black;гранит;черный;130 см;170 кг;1100*550*70;
Дж 40;vertical_black;гранит;черный;130 см;170 кг;1100*550*70;
Дж 42;vertical_black;гранит;черный;130 см;180 кг;1100*600*70;
Дж 53;vertical_black;гранит;черный;130 см;180 кг;1100*600*70;
Дж 54;vertical_black;гранит;черный;130 см;180 кг;1100*600*70;
Дж 55;vertical_black;гранит;черный;130 см;180 кг;1100*600*70;
Дж 56;vertical_black;гранит;черный;130 см;180 кг;1100*600*70;
Дж 57;vertical_black;гранит;черный;130 см;180 кг;1100*600*70;
Дж 58;vertical_black;гранит;черный;130 см;180 кг;1100*600*70;
Дж 59;vertical_black;гранит;черный;130 см;180 кг;1100*600*70;
Дж 60;vertical_black;гранит;черный;130 см;180 кг;1100*600*70;
Дж 61;vertical_black;гранит;черный;130 см;180 кг;1100*600*70;
Дж 62;vertical_black;гранит;черный;130 см;180 кг;1100*600*70;
Дж 63;vertical_black;гранит;черный;130 см;180 кг;1100*600*70;
Дж 64;vertical_black;гранит;черный;130 см;180 кг;1100*600*70;
Дж 66;vertical_black;гранит;черный;130 см;180 кг;1100*600*70;
Дж 67;vertical_black;гранит;черный;130 см;180 кг;1100*600*70;
Дж 68;vertical_black;гранит;черный;114 см;200 кг;1000*850*70;
Дж 69;vertical_black;гранит;черный;104 см;250 кг;900*1000*70;
Дж 70;vertical_black;гранит;черный;130 см;180 кг;1100*600*70;
Дж 74;vertical_black;гранит;черный;130 см;180 кг;1100*600*70;
Дж 75;vertical_black;гранит;черный;150 см;220 кг;1300*600*80;
Дж 76;vertical_black;гранит;черный;134 см;160 кг;1200*600*60;
Дж 78;vertical_black;гранит;черный;130 см;180 кг;1100*600*70;
Дж 80;vertical_black;гранит;черный;170 см;250 кг;1500*400*100;
Дж 85;vertical_black;гранит;черный;140 см;190 кг;1200*550*70;
Дж 86;vertical_black;гранит;черный;130 см;180 кг;1100*600*70;
Дж 89;vertical_black;гранит;черный;130 см;180 кг;1100*600*70;
Дж 90;vertical_black;гранит;черный;130 см;180 кг;1100*600*70;
Дж 91;vertical_black;гранит;черный;130 см;180 кг;1100*600*70;
Дж 100;vertical_black;гранит;черный;130 см;205 кг;1100*750*70;
Дж 102;vertical_black;гранит;черный;130 см;180 кг;1100*600*70;
Дж 105;vertical_black;гранит;черный;130 см;180 кг;1100*600*70;
Дж 108;vertical_black;гранит;черный;130 см;180 кг;1100*600*70;
Дж 110;vertical_black;гранит;черный;140 см;210 кг;1200*600*80;
Дж 117;vertical_black;гранит;черный;130 см;250 кг;1100*600*100;
Дж 120;vertical_black;гранит;черный;130 см;170 кг;1100*550*70;
Дж 123;vertical_black;гранит;черный;140 см;210 кг;1200*600*80;
Дж 124;vertical_black;гранит;черный;140 см;250 кг;1200*700*80;
Дж 139;vertical_black;гранит;черный;130 см;180 кг;1100*600*70;
Дж 143;vertical_black;гранит;черный;140 см;200 кг;1200*600*70;
Дж 145;vertical_black;гранит;черный;140 см;200 кг;1200*600*70;
Ем 10;vertical_black;гранит;черный;120 см;145 кг;1000*450*70;
Ем 23;vertical_black;гранит;черный;130 см;180 кг;1100*600*70;
Ем 29;vertical_black;гранит;черный;120 см;180 кг;1000*600*70;
Ем 40;vertical_black;гранит;черный;140 см;180 кг;1200*500*70;
Ем 42е;vertical_black;гранит;черный;130 см;180 кг;1100*600*70;
Ем 49е;vertical_black;гранит;черный;130 см;150 кг;1100*500*70;
Ем 53;vertical_black;гранит;черный;130 см;150 кг;1100*550*70;
Ем 55;vertical_black;гранит;черный;120 см;150 кг;1000*600*70;
Ем 61е;vertical_black;гранит;черный;130 см;150 кг;1100*550*70;
Ем 69;vertical_black;гранит;черный;150 см;160 кг;ст.700*400 кр.800*400;
Ем 70;vertical_black;гранит;черный;150 см;160 кг;ст.700*400 кр.800*400;
Ем 74;vertical_black;гранит;черный;130 см;180 кг;1100*600*70;
Ем 76;vertical_black;гранит;черный;130 см;180 кг;1100*600*70;
Ем 77;vertical_black;гранит;черный;130 см;180 кг;1100*600*70;
Ем 78;vertical_black;гранит;черный;130 см;180 кг;1100*600*70;
Ем 80;vertical_black;гранит;черный;130 см;180 кг;1100*600*70;
Ем 81;vertical_black;гранит;черный;130 см;180 кг;1100*600*70;
Ем 91;vertical_black;гранит;черный;130 см;150 кг;1100*500*70;
Ем 92;vertical_black;гранит;черный;130 см;180 кг;1100*600*70;
Ем 94;vertical_black;гранит;черный;140 см;170 кг;1200*600*70;
Ем 96;vertical_black;гранит;черный;130 см;150 кг;1100*550*70;
Ем 99;vertical_black;гранит;черный;140 см;170 кг;1200*500*70;
Ем 100;vertical_black;гранит;черный;140 см;170 кг;1200*500*70;
Ем 110;vertical_black;гранит;черный;130 см;180 кг;1100*600*70;
Ем 111;vertical_black;гранит;черный;130 см;150 кг;1100*550*70;
Ем 112;vertical_black;гранит;черный;130 см;180 кг;1100*600*70;
Ме 80 40 5 прямой;pr_black;гранит;черный;92 см;80 кг;800*400*50;
Ме 100 45 7 прямой;pr_black;гранит;черный;120 см;140 кг;1000*450*70;
Ме 120 60 8 прямой;pr_black;гранит;черный;120 см;130 кг;1200*600*80;
Ме 130 60 10 прямой;pr_black;гранит;черный;140 см;180 кг;1300*600*100;
Ме 150 60 10 прямой;pr_black;гранит;черный;150 см;200 кг;1500*600*100;
Ме 200 80 10 прямой;pr_black;гранит;черный;170 см;250 кг;2000*800*120;
Ме 19 светло серый эконом;family_gray;гранит;светло-серый;68 см;130 кг;650*1100*50;
Ме 96 светло серый эконом;family_gray;гранит;светло-серый;68 см;130 кг;650*1100*50;
Ем 46 темно серый эконом;family_dgray;гранит;темно-серый;92 см;130 кг;900*700*50;
Ем 65 темно серый эконом;family_dgray;гранит;темно-серый;92 см;130 кг;900*700*50;
Ем 66 темно серый эконом;family_dgray;гранит;темно-серый;92 см;130 кг;900*700*50;
Ем 86 темно серый эконом;family_dgray;гранит;темно-серый;92 см;130 кг;900*700*50;
Ме 7 эконом;family_black;гранит;черный;67 см;120 кг;650*1100*50;
Ме 9 эконом;family_black;гранит;черный;67 см;120 кг;650*1100*50;
Ме 10 эконом;family_black;гранит;черный;67 см;120 кг;650*1100*50;
Ме 19 эконом;family_black;гранит;черный;67 см;120 кг;650*1100*50;
Ме 96 эконом;family_black;гранит;черный;67 см;120 кг;650*1100*50;
Ме 97 эконом;family_black;гранит;черный;67 см;120 кг;650*1100*50;
Ме 610 эконом;family_black;гранит;черный;67 см;120 кг;650*1100*50;
Ме 611 эконом;family_black;гранит;черный;67 см;120 кг;650*1100*50;
Ме 612 эконом;family_black;гранит;черный;67 см;120 кг;650*1100*50;
Ме 7 эконом 82 на 82;family_black;гранит;черный;84 см;135 кг;820*820*50;
Ме 9 эконом 82 на 82;family_black;гранит;черный;84 см;135 кг;820*820*50;
Ме 19 эконом 82 на 82;family_black;гранит;черный;84 см;135 кг;820*820*50;
Ме 96 эконом 82 на 82;family_black;гранит;черный;84 см;135 кг;820*820*50;
Дж 16 эконом;family_black;гранит;черный;99 см;140 кг;850*1000*50;
Дж 18 эконом;family_black;гранит;черный;99 см;140 кг;850*1000*50;
Дж 43 эконом;family_black;гранит;черный;99 см;140 кг;850*1000*50;
Дж 92 эконом;family_black;гранит;черный;99 см;140 кг;850*1000*50;
Дж 93 эконом;family_black;гранит;черный;99 см;140 кг;850*1000*50;
Дж 94 эконом;family_black;гранит;черный;99 см;140 кг;850*1000*50;
Дж 95 эконом;family_black;гранит;черный;99 см;140 кг;850*1000*50;
Дж 96 эконом;family_black;гранит;черный;99 см;140 кг;850*1000*50;
Дж 97 эконом;family_black;гранит;черный;99 см;140 кг;850*1000*50;
Ме 110а эконом;family_black;гранит;черный;100 см;180 кг;800*400*50-2 шт.;
Ем 46 эконом;family_black;гранит;черный;92 см;130 кг;900*700*50;
Ем 65 эконом;family_black;гранит;черный;92 см;130 кг;900*700*50;
Ем 66 эконом;family_black;гранит;черный;92 см;130 кг;900*700*50;
Ем 86 эконом;family_black;гранит;черный;92 см;130 кг;900*700*50;
Ме 110;familyh_black;гранит;черный;120 см;200 кг;1100*500*70 - 2 шт;
Ме 5;familyh_black;гранит;черный;87 см;180 кг;850*1200*70;
Ме 6;familyh_black;гранит;черный;87 см;180 кг;850*1200*70;
Ме 7;familyh_black;гранит;черный;87 см;180 кг;850*1200*70;
Ме 9;familyh_black;гранит;черный;87 см;180 кг;850*1200*70;
Ме 10;familyh_black;гранит;черный;87 см;180 кг;850*1200*70;
Ме 12;familyh_black;гранит;черный;87 см;180 кг;850*1200*70;
Ме 19;familyh_black;гранит;черный;87 см;180 кг;850*1200*70;
Ме 96;familyh_black;гранит;черный;87 см;180 кг;850*1200*70;
Ме 97;familyh_black;гранит;черный;87 см;180 кг;850*1200*70;
Ме 245 ВН;familyh_black;гранит;черный;87 см;180 кг;850*1200*70;
Ме 7а;familyh_black;гранит;черный;84 см;180 кг;820*820*70;
Ме 9а;familyh_black;гранит;черный;84 см;180 кг;820*820*70;
Ме 10а;familyh_black;гранит;черный;84 см;180 кг;820*820*70;
Ме 19а;familyh_black;гранит;черный;84 см;180 кг;820*820*70;
Ме 96а;familyh_black;гранит;черный;84 см;180 кг;820*820*70;
Ме 99а;familyh_black;гранит;черный;84 см;180 кг;820*820*70;
Ме 234 ВН семейный;familyh_black;гранит;черный;84 см;180 кг;820*820*70;
Ме 606;familyh_black;гранит;черный;87 см;180 кг;850*1200*70;
Ме 613 ВН;familyh_black;гранит;черный;87 см;180 кг;850*1200*70;
Дж 16;familyh_black;гранит;черный;120 см;350 кг;1200*1000*70;
Дж 18;familyh_black;гранит;черный;120 см;350 кг;1200*1000*70;
Дж 43;familyh_black;гранит;черный;120 см;350 кг;1200*1000*70;
Дж 65;familyh_black;гранит;черный;130 см;375 кг;1100*1000*70;
Дж 92;familyh_black;гранит;черный;120 см;350 кг;1200*1000*70;
Дж 93;familyh_black;гранит;черный;120 см;350 кг;1200*1000*70;
Дж 94;familyh_black;гранит;черный;120 см;350 кг;1200*1000*70;
Дж 95;familyh_black;гранит;черный;120 см;350 кг;1200*1000*70;
Дж 96;familyh_black;гранит;черный;120 см;350 кг;1200*1000*70;
Дж 97;familyh_black;гранит;черный;120 см;350 кг;1200*1000*70;
Дж 113;familyh_black;гранит;черный;115 см;300 кг;900*1000*80;
Дж 114;familyh_black;гранит;черный;115 см;300 кг;900*1000*80;
Дж 115;familyh_black;гранит;черный;115 см;300 кг;900*1000*80;
Ем 29 семейный;familyh_black;гранит;черный;120 см;160 кг;1100*600*70;
Ем 46;familyh_black;гранит;черный;110 см;357 кг;900*1000*70;
Ем 54;familyh_black;гранит;черный;110 см;330 кг;900*1000*70;
Ем 60;familyh_black;гранит;черный;110 см;342 кг;900*1000*70;
Ем 63е;familyh_black;гранит;черный;100 см;280 кг ;820*820*70;
Ем 71е;familyh_black;гранит;черный;110 см;404 кг;820*820*70;
Ем 85;familyh_black;гранит;черный;110 см;360 кг;900*1000*70;
Ем 86;familyh_black;гранит;черный;110 см;360 кг;900*1000*70;
Ем 87;familyh_black;гранит;черный;110 см;360 кг;900*1000*70;
Дж 1;granit_not_standart;гранит;черный;140 см;600 кг;1200*1000*150;
Дж 2;granit_not_standart;гранит;черный;140 см;400 кг;1200*1000*120;
Дж 3;granit_not_standart;гранит Aurora ;коричневый;70 см;600 кг;700*600*120;
Дж 4;granit_not_standart;гранит red;красный;150 см;440 кг;1300*1000*100;
Дж 5;granit_not_standart;гранит;черный;140 см;600 кг;1200*1000*150;
Дж 6;granit_not_standart;гранит;черный;120 см;200кг;1100*1300*80;
Дж 7;granit_not_standart;гранит;черный;110 см;250 кг;900*750*150;
Дж 8;granit_not_standart;гранит;черный;170 см;1000 кг;1500*1000*200;
Дж 9;granit_not_standart;гранит;черный;230 см;1800 кг;2000*1150*300;
Дж 10;granit_not_standart;гранит;черный;130 см;400 кг;1100*1300*120;
Дж 11;granit_not_standart;гранит blue;синий;150 см;613 кг;1300*1000*120;
Дж 12;granit_not_standart;гранит;черный;140см;250кг;1200*700*150;
Дж 13;granit_not_standart;гранит;черный;90 см;280кг;700*600*70;
Дж 14;granit_not_standart;гранит;черный;120 см;280кг;1000*1000*80;
Дж 15;granit_not_standart;гранит Aurora ;коричневый;120 см;350 кг;1000*900*150;
Дж 17;granit_not_standart;гранит;черный;130 см;1000 кг;1100*1100*150;
Дж 19;granit_not_standart;гранит;черный;200 см;1000 кг;1600**820*400;
Дж 20;granit_not_standart;мрамор;белый;140 см;300 кг;1200*650*150;
Дж 21;granit_not_standart;гранит;черный;140 см;400 кг;1200*650*150;
Дж 23;granit_not_standart;гранит;черный;140 см;320 кг;1200*600*100;
Дж 24;granit_not_standart;гранит;черный;140 см;280 кг;1200*600*80;
Дж 25;granit_not_standart;гранит;черный;120 см;170 кг;1000*600*70;
Дж 28;granit_not_standart;гранит;черный;140 см;280 кг;1200*600*80;
Дж 29;granit_not_standart;гранит;черный;160 см;310 кг;1400*700*80;
Дж 30;granit_not_standart;гранит;черный;140 см;280 кг;1200*600*80;
Дж 31;granit_not_standart;гранит;черный;120 см;170 кг;1000*600*70;
Дж 32;granit_not_standart;гранит;черный;120 см;170 кг;1000*500*80;
Дж 33;granit_not_standart;гранит;черный;120 см;170 кг;1000*500*70;
Дж 34;granit_not_standart;гранит;черный;120 см;170 кг;1000*600*70;
Дж 35;granit_not_standart;гранит;черный;100 см;125 кг;800*700*80;
Дж 36;granit_not_standart;гранит;черный;140 см;300 кг;1200*700*80;
Дж 38;granit_not_standart;гранит;черный;140 см;280 кг;1200*600*80;
Дж 41;granit_not_standart;мрамор;белый;50 см;15 кг;500*250*250;
Дж 44;granit_not_standart;мрамор;белый;30 см;15 кг;300*300*500;
Дж 45;granit_not_standart;гранит;цветной;110 см;500 кг;1000*1200*400;
Дж 46;granit_not_standart;мрамор;белый;130 см;450 кг;1300*600*600;
Дж 47;granit_not_standart;мрамор;белый;110 см;300 кг;1100*850*450;
Дж 48;granit_not_standart;мрамор;белый;95 см;150 кг;950*450*400;
Дж 49;granit_not_standart;мрамор;белый;130 см;1000 кг;1300*1000*400;
Дж 50;granit_not_standart;гранит;черный;130 см;350 кг;1300*900*80;
Дж 51;granit_not_standart;мрамор;белый;130 см;500 кг;1300*900*80;
Дж 52;granit_not_standart;гранит;черный;140 см;350 кг;1200*900*80;
Дж 71;granit_not_standart;гранит;черный;94 см;170 кг;800*750*70;
Дж 72;granit_not_standart;гранит;черный;130 см;170 кг;1100*750*80;
Дж 73;granit_not_standart;гранит;черный;105 см;350 кг;900*1000*150;
Дж 77;granit_not_standart;гранит;черный;190 см;700 кг;1700*700*100;
Дж 79;granit_not_standart;гранит;черный;140 см;360 кг;1200*600*80;
Дж 81;granit_not_standart;гранит;черный;145 см;470 кг;1250*700*100;
Дж 82;granit_not_standart;гранит;черный;140 см;590 кг;1200*650*150;
Дж 83;granit_not_standart;гранит;черный;140 см;360 кг;1200*600*80;
Дж 84;granit_not_standart;гранит;черный;160 см;520 кг;1400*800*100;
Дж 87;granit_not_standart;гранит;черный;120 см;160 кг;1000*500*70;
Дж 88;granit_not_standart;гранит;черный;140 см;360 кг;1200*600*80;
Дж 98;granit_not_standart;гранит;черный;130 см;180 кг;1100*600*70;
Дж 99;granit_not_standart;гранит;черный;140 см;500 кг;1300*600*100;
Дж 101;granit_not_standart;гранит;черный;140 см;500 кг;1300*650*100;
Дж 103;granit_not_standart;гранит;черный;140 см;500 кг;1300*700*100;
Дж 104;granit_not_standart;гранит;черный;140 см;350 кг;1200*600*70;
Дж 106;granit_not_standart;гранит;черный;160 см;650 кг;1500*800*100;
Дж 107;granit_not_standart;гранит;черный;130 см;180 кг;1100*600*70;
Дж 109;granit_not_standart;гранит;черный;140 см;360 кг;1200*600*80;
Дж 111;granit_not_standart;гранит;черный;130 см;180 кг;1100*600*70;
Дж 112;granit_not_standart;гранит;черный;170 см;490 кг;1500*700*90;
Дж 113;granit_not_standart;гранит;черный;104 см;850 кг;900*1000*80;
Дж 114;granit_not_standart;гранит;черный;104 см;850 кг;900*1000*80;
Дж 115;granit_not_standart;гранит;черный;104 см;850 кг;900*1000*80;
Дж 116;granit_not_standart;гранит;черный;140 см;360 кг;1200*600*80;
Дж 118;granit_not_standart;гранит;черный;130 см;360 кг;1100*800*80;
Дж 119;granit_not_standart;гранит;черный;140 см;360 кг;1200*600*80;
Дж 121;granit_not_standart;гранит;черный;140 см;360 кг;1200*600*80;
Дж 122;granit_not_standart;гранит;черный;140 см;450 кг;1200*800*80;
Дж 125;granit_not_standart;гранит;черный;190 см;1000 кг;1700*700*100;
Дж 126;granit_not_standart;гранит;черный;140 см;360 кг;1200*600*80;
Дж 127;granit_not_standart;гранит;черный;140 см;360 кг;1200*600*80;
Дж 128;granit_not_standart;гранит;черный;140 см;360 кг;1200*600*80;
Дж 129;granit_not_standart;гранит;черный;140 см;360 кг;1200*600*80;
Дж 130;granit_not_standart;гранит;черный;104 см;850 кг;900*1000*80;
Дж 131;granit_not_standart;гранит;черный;140 см;360 кг;1200*600*80;
Дж 132;granit_not_standart;гранит;черный;140 см;360 кг;1200*600*80;
Дж 133;granit_not_standart;гранит;черный;140 см;360 кг;1200*600*80;
Дж 134;granit_not_standart;гранит;черный;140 см;360 кг;1200*600*80;
Дж 135;granit_not_standart;гранит;черный;140 см;360 кг;1200*600*80;
Дж 136;granit_not_standart;гранит;черный;140 см;360 кг;1200*600*80;
Дж 137;granit_not_standart;гранит;черный;140 см;360 кг;1200*600*80;
Дж 138;granit_not_standart;гранит;черный;140 см;360 кг;1200*600*80;
Дж 140;granit_not_standart;гранит;черный;130 см;180 кг;1100*600*70;
Дж 141;granit_not_standart;гранит;черный;130 см;180 кг;1100*600*70;
Дж 142;granit_not_standart;гранит;черный;140 см;340 кг;1200*600*70;
Дж 144;granit_not_standart;гранит;черный;170 см;410 кг;1500*600*70;
Дж 146;granit_not_standart;гранит;черный;140 см;340 кг;1200*600*70;
Дж 147;granit_not_standart;гранит;черный;130 см;250кг;1100*550*70;
Дж 148;granit_not_standart;гранит;черный;130 см;250кг;1100*550*70;
Дж 149;granit_not_standart;гранит;черный;130 см;270 кг;1100*600*80;
Дж 150;granit_not_standart;гранит;черный;130 см;270 кг;1100*600*80;
Дж 151;granit_not_standart;гранит;черный;130 см;270 кг;1100*600*80;
Дж 152;granit_not_standart;гранит;черный;130 см;270 кг;1100*600*80;
Дж 153;granit_not_standart;гранит;черный;140 см;360 кг;1200*600*80;
Дж 154;granit_not_standart;гранит;черный;130 см;300 кг;1100*600*70;
Дж 155;granit_not_standart;гранит;черный;170 см;550 кг;1500*600*80;
Дж мр 85;granit_not_standart;мрамор;белый;130 см;950 кг;1100*600*150;
Дж мр 86;granit_not_standart;мрамор;белый;120 см;1200 кг;1200*650*150;
Ме 100 45 7 прямой зел;color_green;гранит;зеленый;120 см;140 кг;1000*450*70 ;
Ме 24 зел;color_green;гранит;зеленый;160 см;150 кг;ст.1000*500*70 кр.400*250*50;
Ме 25 зел;color_green;гранит;зеленый;120 см;150 кг;1000*500*70;
Ме 29 зел;color_green;гранит;зеленый;130 см;180 кг;1100*600*70;
Ме 30 зел;color_green;гранит;зеленый;130 см;150 кг;1100*550*70;
Ме 31 зел;color_green;гранит;зеленый;120 см;180 кг;1000*600*70;
Ме 37 зел;color_green;гранит;зеленый;120 см;180 кг;1000*600*70;
Ме 38 ВН зел;color_green;гранит;зеленый;120 см;180 кг;1100*600*70;
Ме 42 зел;color_green;гранит;зеленый;150 см;180 кг;ст.600*500*70 кр.700*350*50;
Ме 46 зел;color_green;гранит;зеленый;130 см;150 кг;1100*550*70;
Ме 51 зел;color_green;гранит;зеленый;130 см;150 кг;1100*500*70;
Ме 52 зел;color_green;гранит;зеленый;130 см;150 кг;1100*500*70;
Ме 56 зел;color_green;гранит;зеленый;130 см;150 кг;1100*500*70;
Ме 61 зел;color_green;гранит;зеленый;120 см;150 кг;1000*550*70;
Ме 65 зел;color_green;гранит;зеленый;130 см;180 кг;1100*600*70;
Ме 66 зел;color_green;гранит;зеленый;120 см;150 кг;1000*550*70;
Ме 89 ВН зел;color_green;гранит;зеленый;130 см;;1100*600*70;
Ме 106 зел;color_green;гранит;зеленый;130 см;;1100*500*70;
Ме 202 зел;color_green;гранит;зеленый;130 см;;1100*500*70;
Ме 206 зел;color_green;гранит;зеленый;120 см;180 кг;1000*600*70;
Ме 206 ВН зел;color_green;гранит;зеленый;120 см;180 кг;1000*600*70;
Ме 207 зел;color_green;гранит;зеленый;120 см;180 кг;1000*600*70;
Ме 207 ВН зел;color_green;гранит;зеленый;120 см;180 кг;1000*600*70;
Ме 218 зел;color_green;гранит;зеленый;120 см;150 кг;1000*550*70;
Ме 218 ВН зел;color_green;гранит;зеленый;120 см;150 кг;1000*550*70;
Ме 220 зел;color_green;гранит;зеленый;130 см;180 кг;1100*600*70;
Ме 225 зел;color_green;гранит;зеленый;130 см;180 кг;1100*600*70;
Ме 231 ВН зел;color_green;гранит;зеленый;130 см;180 кг;1100*600*70;
Ме 232 ВН зел;color_green;гранит;зеленый;130 см;180 кг;1100*600*70;
Ме 234 ВН зел;color_green;гранит;зеленый;82 см;140 кг;820*820*70;
Ме 237 зел;color_green;гранит;зеленый;130 см;150 кг;1100*550*70;
Ме 239 зел;color_green;гранит;зеленый;130 см;150 кг;1100*550*70;
Ме 242 ВН зел;color_green;гранит;зеленый;130 см;180 кг;1100*600*70;
Ме 246 зел;color_green;гранит;зеленый;130 см;180 кг;1100*600*70;
Ме 247 ВН зел;color_green;гранит;зеленый;130 см;180 кг;1100*600*70;
Ме 248 зел;color_green;гранит;зеленый;120 см;150 кг;1000*550*70;
Ме 248 ВН зел;color_green;гранит;зеленый;120 см;150 кг;1000*550*70;
Ме 251 зел;color_green;гранит;зеленый;130 см;180 кг;1100*650*70;
Ме 253 зел;color_green;гранит;зеленый;130 см;180 кг;1100*550*70;
Ме 502 ВН зел;color_green;гранит;зеленый;130 см;180 кг;1100*600*70;
Ме 512 зел;color_green;гранит;зеленый;130 см;170 кг;1100*550*70;
Ме 513 зел;color_green;гранит;зеленый;130 см;180 кг;1100*600*70;
Ме 513 ВН зел;color_green;гранит;зеленый;130 см;180 кг;1100*600*70;
Ме 514 зел;color_green;гранит;зеленый;130 см;180 кг;1100*600*70;
Ме 600 зел;color_green;гранит;зеленый;130 см;170 кг;1100*550*70;
Ме 603 зел;color_green;гранит;зеленый;130 см;170 кг;1100*550*70;
Ме 607 зел;color_green;гранит;зеленый;120 см;150 кг;1000*500*70;
Ме 608 зел;color_green;гранит;зеленый;120 см;150 кг;1000*500*70;
Ме 609 зел;color_green;гранит;зеленый;120 см;150 кг;1000*500*70;
Ме 700 ВН зел;color_green;гранит;зеленый;130 см;150 кг;1100*550*70;
Ме 702 зел;color_green;гранит;зеленый;130 см;150 кг;1100*550*70;
Ем 10 красн;color_red;гранит;красный;120 см;145 кг;1000*450*70;
Ем 23 красн;color_red;гранит;красный;130 см;180 кг;1100*600*70;
Ем 29 красн;color_red;гранит;красный;120 см;180 кг;1000*600*70;
Ем 40 красн;color_red;гранит;красный;140 см;180 кг;1200*500*70;
Ем 42е красн;color_red;гранит;красный;130 см;180 кг;1100*600*70;
Ем 49 красн;color_red;гранит;красный;130 см;150 кг;1100*500*70;
Ем 53 красн;color_red;гранит;красный;130 см;150 кг;1100*550*70;
Ем 55 красн;color_red;гранит;красный;120 см;150 кг;1000*600*70;
Ем 61е красн;color_red;гранит;красный;130 см;150 кг;1100*550*70;
Ем 69 красн;color_red;гранит;красный;150 см;160 кг;ст.700*400 кр.800*400;
Ем 70 красн;color_red;гранит;красный;150 см;160 кг;ст.700*400 кр.800*400;
Ем 74 красн;color_red;гранит;красный;130 см;180 кг;1100*600*70;
Ем 76 крас;color_red;гранит;красный;130 см;180 кг;1100*600*70;
Ем 77 красн;color_red;гранит;красный;130 см;180 кг;1100*600*70;
Ем 78 красн;color_red;гранит;красный;130 см;180 кг;1100*600*70;
Ем 80 красн;color_red;гранит;красный;130 см;180 кг;1100*600*70;
Ем 81 красн;color_red;гранит;красный;130 см;180 кг;1100*600*70;
Ем 91 красн;color_red;гранит;красный;130 см;150 кг;1100*500*70;
Ем 92 красн;color_red;гранит;красный;130 см;180 кг;1100*600*70;
Ем 94 красн;color_red;гранит;красный;140 см;170 кг;1200*600*70;
Ем 96 красн;color_red;гранит;красный;130 см;150 кг;1100*550*70;
Ем 11 кор;color_brown;гранит;коричневый;130 см;180 кг;1100*600*70;
Ем 29 кор;color_brown;гранит;коричневый;120 см;180 кг;1000*600*70;
Ем 40 кор;color_brown;гранит;коричневый;140 см;180 кг;1200*500*70;
Ем 42е кор;color_brown;гранит;коричневый;130 см;180 кг;1100*600*70;
Ем 49 кор;color_brown;гранит;коричневый;130 см;180 кг;1100*600*70;
Ем 53 кор;color_brown;гранит;коричневый;130 см;180 кг;1100*600*70;
Ем 55 кор;color_brown;гранит;коричневый;120 см;180 кг;1000*600*70;
Ем 56 кор;color_brown;гранит;коричневый;130 см;180 кг;1100*600*70;
Ем 57 кор;color_brown;гранит;коричневый;130 см;180 кг;1100*600*70;
Ем 58 кор;color_brown;гранит;коричневый;130 см;180 кг;1100*600*70;
Ем 74 кор;color_brown;гранит;коричневый;130 см;180 кг;1100*600*70;
Ем 76 кор;color_brown;гранит;коричневый;130 см;180 кг;1100*600*70;
Ем 77 кор;color_brown;гранит;коричневый;130 см;180 кг;1100*600*70;
Ем 78 кор;color_brown;гранит;коричневый;130 см;180 кг;1100*600*70;
Ем 80 кор;color_brown;гранит;коричневый;130 см;180 кг;1100*600*70;
Ем 91 кор;color_brown;гранит;коричневый;130 см;180 кг;1100*600*70;
Ем 92 кор;color_brown;гранит;коричневый;130 см;180 кг;1100*600*70;
Ем 94 кор;color_brown;гранит;коричневый;130 см;180 кг;1100*600*70;
Ем 11 син;color_blue;гранит;синий;130 см;180 кг;1100*600*70;
Ем 29 син;color_blue;гранит;синий;120 см;180 кг;1000*600*70;
Ем 40 син;color_blue;гранит;синий;140 см;180 кг;1200*500*70;
Ем 42е син;color_blue;гранит;синий;130 см;180 кг;1100*600*70;
Ем 49 син;color_blue;гранит;синий;130 см;180 кг;1100*600*70;
Ем 53 син;color_blue;гранит;синий;130 см;180 кг;1100*600*70;
Ем 55 син;color_blue;гранит;синий;120 см;180 кг;1000*600*70;
Ем 56 син;color_blue;гранит;синий;130 см;180 кг;1100*600*70;
Ем 57 син;color_blue;гранит;синий;130 см;180 кг;1100*600*70;
Ем 58 син;color_blue;гранит;синий;130 см;180 кг;1100*600*70;
Ем 74 син;color_blue;гранит;синий;130 см;180 кг;1100*600*70;
Ем 76 син;color_blue;гранит;синий;130 см;180 кг;1100*600*70;
Ем 77 син;color_blue;гранит;синий;130 см;180 кг;1100*600*70;
Ем 78 син;color_blue;гранит;синий;130 см;180 кг;1100*600*70;
Ем 80 син;color_blue;гранит;синий;130 см;180 кг;1100*600*70;
Ем 91 син;color_blue;гранит;синий;130 см;180 кг;1100*600*70;
Ем 92 син;color_blue;гранит;синий;130 см;180 кг;1100*600*70;
Ем 94 син;color_blue;гранит;синий;130 см;180 кг;1100*600*70;
Дж 16 эконом;cross_memorials;гранит;черный;99 см;140 кг;850*1000*50;
Дж 16;cross_memorials;гранит;черный;120 см;350 кг;1200*1000*70;
Дж 18 эконом;cross_memorials;гранит;черный;99 см;140 кг;850*1000*50;
Дж 18;cross_memorials;гранит;черный;120 см;350 кг;1200*1000*70;
Дж 24;cross_memorials;гранит;черный;140 см;280 кг;1200*600*80;
Дж 27;cross_memorials;гранит;черный;114 см;68 кг;1000*500*60;
Дж 29;cross_memorials;гранит;черный;160 см;310 кг;1400*700*80;
Дж 30;cross_memorials;гранит;черный;140 см;280 кг;1200*600*80;
Дж 34;cross_memorials;гранит;черный;120 см;170 кг;1000*600*70;
Дж 39;cross_memorials;гранит;черный;130 см;170 кг;1100*550*70;
Дж 50;cross_memorials;гранит;черный;130 см;350 кг;1300*900*80;
Дж 54;cross_memorials;гранит;черный;130 см;180 кг;1100*600*70;
Дж 67;cross_memorials;гранит;черный;130 см;180 кг;1100*600*70;
Дж 70;cross_memorials;гранит;черный;130 см;180 кг;1100*600*70;
Дж 76;cross_memorials;гранит;черный;134 см;160 кг;1200*600*60;
Дж 77;cross_memorials;гранит;черный;190 см;700 кг;1700*700*100;
Дж 78;cross_memorials;гранит;черный;130 см;180 кг;1100*600*70;
Дж 79;cross_memorials;гранит;черный;140 см;360 кг;1200*600*80;
Дж 80;cross_memorials;гранит;черный;170 см;250 кг;1500*400*100;
Дж 85;cross_memorials;гранит;черный;140 см;190 кг;1200*550*70;
Дж 98;cross_memorials;гранит;черный;130 см;180 кг;1100*600*70;
Дж 99;cross_memorials;гранит;черный;140 см;500 кг;1300*600*100;
Дж 101;cross_memorials;гранит;черный;140 см;500 кг;1300*650*100;
Дж 102;cross_memorials;гранит;черный;130 см;180 кг;1100*600*70;
Дж 104;cross_memorials;гранит;черный;140 см;350 кг;1200*600*70;
Дж 108;cross_memorials;гранит;черный;130 см;180 кг;1100*600*70;
Дж 110;cross_memorials;гранит;черный;140 см;210 кг;1200*600*80;
Дж 114;cross_memorials;гранит;черный;104 см;850 кг;900*1000*80;
Дж 116;cross_memorials;гранит;черный;140 см;360 кг;1200*600*80;
Дж 117;cross_memorials;гранит;черный;130 см;250 кг;1100*600*100;
Дж 118;cross_memorials;гранит;черный;130 см;360 кг;1100*800*80;
Дж 119;cross_memorials;гранит;черный;140 см;360 кг;1200*600*80;
Дж 120;cross_memorials;гранит;черный;130 см;170 кг;1100*550*70;
Дж 121;cross_memorials;гранит;черный;140 см;360 кг;1200*600*80;
Дж 122;cross_memorials;гранит;черный;140 см;450 кг;1200*800*80;
Дж 123;cross_memorials;гранит;черный;140 см;210 кг;1200*600*80;
Дж 131;cross_memorials;гранит;черный;140 см;360 кг;1200*600*80;
Дж 134;cross_memorials;гранит;черный;140 см;360 кг;1200*600*80;
Дж 135;cross_memorials;гранит;черный;140 см;360 кг;1200*600*80;
Дж 137;cross_memorials;гранит;черный;140 см;360 кг;1200*600*80;
Дж 139;cross_memorials;гранит;черный;130 см;180 кг;1100*600*70;
Дж 140;cross_memorials;гранит;черный;130 см;180 кг;1100*600*70;
Дж 142;cross_memorials;гранит;черный;140 см;340 кг;1200*600*70;
Дж 143;cross_memorials;гранит;черный;140 см;200 кг;1200*600*70;
Дж 144;cross_memorials;гранит;черный;170 см;410 кг;1500*600*70;
Дж 146;cross_memorials;гранит;черный;140 см;340 кг;1200*600*70;
Дж 147;cross_memorials;гранит;черный;130 см;250кг;1100*550*70;
Дж 148;cross_memorials;гранит;черный;130 см;250кг;1100*550*70;
Дж 151;cross_memorials;гранит;черный;130 см;270 кг;1100*600*80;
Дж 152;cross_memorials;гранит;черный;130 см;270 кг;1100*600*80;
Дж 155;cross_memorials;гранит;черный;170 см;550 кг;1500*600*80;
Ем 40 кор;cross_memorials;гранит;коричневый;140 см;180 кг;1200*500*70;
Ем 40 красн;cross_memorials;гранит;красный;140 см;180 кг;1200*500*70;
Ем 40 син;cross_memorials;гранит;синий;140 см;180 кг;1200*500*70;
Ем 40;cross_memorials;гранит;черный;140 см;180 кг;1200*500*70;
Ем 69 красн;cross_memorials;гранит;красный;150 см;160 кг;ст.700*400 кр.800*400;
Ем 69;cross_memorials;гранит;черный;150 см;160 кг;ст.700*400 кр.800*400;
Ем 70 красн;cross_memorials;гранит;красный;150 см;160 кг;ст.700*400 кр.800*400;
Ем 70;cross_memorials;гранит;черный;150 см;160 кг;ст.700*400 кр.800*400;
Ем 74 кор;cross_memorials;гранит;коричневый;130 см;180 кг;1100*600*70;
Ем 74 красн;cross_memorials;гранит;красный;130 см;180 кг;1100*600*70;
Ем 74 син;cross_memorials;гранит;синий;130 см;180 кг;1100*600*70;
Ем 74;cross_memorials;гранит;черный;130 см;180 кг;1100*600*70;
Ем 76 кор;cross_memorials;гранит;коричневый;130 см;180 кг;1100*600*70;
Ем 76 крас;cross_memorials;гранит;красный;130 см;180 кг;1100*600*70;
Ем 76 син;cross_memorials;гранит;синий;130 см;180 кг;1100*600*70;
Ем 76;cross_memorials;гранит;черный;130 см;180 кг;1100*600*70;
Ем 77 кор;cross_memorials;гранит;коричневый;130 см;180 кг;1100*600*70;
Ем 77 красн;cross_memorials;гранит;красный;130 см;180 кг;1100*600*70;
Ем 77 син;cross_memorials;гранит;синий;130 см;180 кг;1100*600*70;
Ем 77;cross_memorials;гранит;черный;130 см;180 кг;1100*600*70;
Ем 78 кор;cross_memorials;гранит;коричневый;130 см;180 кг;1100*600*70;
Ем 78 красн;cross_memorials;гранит;красный;130 см;180 кг;1100*600*70;
Ем 78 син;cross_memorials;гранит;синий;130 см;180 кг;1100*600*70;
Ем 78;cross_memorials;гранит;черный;130 см;180 кг;1100*600*70;
Ем 94 кор;cross_memorials;гранит;коричневый;130 см;180 кг;1100*600*70;
Ем 94 красн;cross_memorials;гранит;красный;140 см;170 кг;1200*600*70;
Ем 94 син;cross_memorials;гранит;синий;130 см;180 кг;1100*600*70;
Ем 94;cross_memorials;гранит;черный;140 см;170 кг;1200*600*70;
Ем 100;cross_memorials;гранит;черный;140 см;170 кг;1200*500*70;
Ме 24 зел;cross_memorials;гранит;зеленый;160 см;150 кг;ст.1000*500*70 кр.400*250*50;
Ме 24;cross_memorials;гранит;черный;160 см;150 кг;ст.1000*500*70 кр.400*250*50;
Ме 42 зел;cross_memorials;гранит;зеленый;150 см;180 кг;ст.600*500*70 кр.700*350*50;
Ме 42;cross_memorials;гранит;черный;150 см;180 кг;ст.600*500*70 кр.700*350*50;
Ме 124;cross_memorials;гранит;черный;130 см ;220 кг;1200*800*70;
Ме 130;cross_memorials;гранит;черный;225 см;300 кг;ст.2000*450*100ст.1800*450*100ст.1000*500*160;
Ме 132;cross_memorials;гранит;черный;212см;400 кг;кр.1300*700*100 пд120*600пд.300*500*200пд.400*400*150;
Ме 133 1;cross_memorials;гранит;черный;150 см;250 кг;кр1000*500*70пд.500*650*250;
Ме 133 2;cross_memorials;гранит;черный;180 см;260 кг;кр1200*600*80пд.600*400*250;
Ме 220 зел;cross_memorials;гранит;зеленый;130 см;180 кг;1100*600*70;
Ме 220;cross_memorials;гранит;черный;130 см;180 кг;1100*600*70;
Ме 230;cross_memorials;гранит;черный;130 см;180 кг;1100*600*70;
Ме 240;cross_memorials;гранит;черный;120 см;160 кг;1000*800*70;
Ме 242 ВН зел;cross_memorials;гранит;зеленый;130 см;180 кг;1100*600*70;
Ме 242 ВН;cross_memorials;гранит;черный;130 см;180 кг;1100*600*70;
Ме 245 ВН;cross_memorials;гранит;черный;87 см;180 кг;850*1200*70;
Ме 247 ВН зел;cross_memorials;гранит;зеленый;130 см;180 кг;1100*600*70;
Ме 247 ВН;cross_memorials;гранит;черный;130 см;180 кг;1100*600*70;
Ме 613 ВН;cross_memorials;гранит;черный;87 см;180 кг;850*1200*70;
мр 47;cross_memorials;мрамор;розовый, серый, кремовый, бело-полосчатый, серо-голубой.;150 см;500 кг;1300*700*80;
мр 48;cross_memorials;мрамор;розовый, серый, кремовый, бело-полосчатый, серо-голубой.;140 см;450 кг;1200**60080;
мр 49;cross_memorials;мрамор;розовый, серый, кремовый, бело-полосчатый, серо-голубой.;120 см;400 кг;1000*600*80;
мр 50;cross_memorials;мрамор;розовый, серый, кремовый, бело-полосчатый, серо-голубой.;150 см;500 кг;1300*700*80;
мр 51;cross_memorials;мрамор;розовый, серый, кремовый, бело-полосчатый, серо-голубой.;100 см;310 кг;800*400*80;
мр 52;cross_memorials;мрамор;розовый, серый, кремовый, бело-полосчатый, серо-голубой.;110 см;350 кг;900*450*80;
мр 53;cross_memorials;мрамор;розовый, серый, кремовый, бело-полосчатый, серо-голубой.;140 см;450 кг;1200*600*80;
мр 54;cross_memorials;мрамор;розовый, серый, кремовый, бело-полосчатый, серо-голубой.;170 см;700 кг;1000*900*100 пд 100*800 кр 500*400*80;
мр 18;marble_memorials;мрамор;розовый, серый, кремовый, бело-полосчатый, серо-голубой.;80 см;190 кг;650*330*70;
мр 19;marble_memorials;мрамор;розовый, серый, кремовый, бело-полосчатый, серо-голубой.;85 см;222 кг;700*400*70;
мр 20;marble_memorials;мрамор;розовый, серый, кремовый, бело-полосчатый, серо-голубой.;80 см;190 кг;650*330*70;
мр 21;marble_memorials;мрамор;розовый, серый, кремовый, бело-полосчатый, серо-голубой.;75 см;190 кг;600*400*70;
мр 22;marble_memorials;мрамор;розовый, серый, кремовый, бело-полосчатый, серо-голубой.;85 см;222 кг;700*400*70;
мр 23;marble_memorials;мрамор;розовый, серый, кремовый, бело-полосчатый, серо-голубой.;80 см;190 кг;650*330*70;
мр 24;marble_memorials;мрамор;розовый, серый, кремовый, бело-полосчатый, серо-голубой.;90 см;191 кг;750*400*70;
мр 25;marble_memorials;мрамор;розовый, серый, кремовый, бело-полосчатый, серо-голубой.;95 см;230 кг;800*400*70;
мр 26;marble_memorials;мрамор;розовый, серый, кремовый, бело-полосчатый, серо-голубой.;95 см;230 кг;800*400*70;
мр 27;marble_memorials;мрамор;розовый, серый, кремовый, бело-полосчатый, серо-голубой.;95 см;230 кг;800*400*70;
мр 28;marble_memorials;мрамор;розовый, серый, кремовый, бело-полосчатый, серо-голубой.;105 см;280 кг;900*400*70;
мр 29;marble_memorials;мрамор;розовый, серый, кремовый, бело-полосчатый, серо-голубой.;105 см;280 кг;900*400*70;
мр 30;marble_memorials;мрамор;розовый, серый, кремовый, бело-полосчатый, серо-голубой.;105 см;280 кг;900*400*70;
мр 31;marble_memorials;мрамор;розовый, серый, кремовый, бело-полосчатый, серо-голубой.;105 см;280 кг;900*400*70;
мр 32;marble_memorials;мрамор;розовый, серый, кремовый, бело-полосчатый, серо-голубой.;105 см;280 кг;900*400*70;
мр 33;marble_memorials;мрамор;розовый, серый, кремовый, бело-полосчатый, серо-голубой.;115 см;310 кг;1000*500*80;
мр 34;marble_memorials;мрамор;розовый, серый, кремовый, бело-полосчатый, серо-голубой.;115 см;310 кг;1000*500*80;
мр 35;marble_memorials;мрамор;розовый, серый, кремовый, бело-полосчатый, серо-голубой.;115 см;310 кг;1000*500*80;
мр 36;marble_memorials;мрамор;розовый, серый, кремовый, бело-полосчатый, серо-голубой.;115 см;399 кг;1000*600*80;
мр 37;marble_memorials;мрамор;розовый, серый, кремовый, бело-полосчатый, серо-голубой.;115 см;310 кг;1000*500*80;
мр 38;marble_memorials;мрамор;розовый, серый, кремовый, бело-полосчатый, серо-голубой.;115 см;310 кг;1000*500*80;
мр 39;marble_memorials;мрамор;розовый, серый, кремовый, бело-полосчатый, серо-голубой.;115 см;290 кг;1000*450*80;
мр 40;marble_memorials;мрамор;розовый, серый, кремовый, бело-полосчатый, серо-голубой.;130 см;380 кг;1100*450*80;
мр 41;marble_memorials;мрамор;розовый, серый, кремовый, бело-полосчатый, серо-голубой.;130 см;380 кг;1100*450*80;
мр 42;marble_memorials;мрамор;розовый, серый, кремовый, бело-полосчатый, серо-голубой.;130 см;429кг;1100*500*80;
мр 43;marble_memorials;мрамор;розовый, серый, кремовый, бело-полосчатый, серо-голубой.;130 см;390 кг;1100*500*80;
мр 44;marble_memorials;мрамор;розовый, серый, кремовый, бело-полосчатый, серо-голубой.;130 см;430 кг;1100*500*80;
мр 45;marble_memorials;мрамор;розовый, серый, кремовый, бело-полосчатый, серо-голубой.;130 см;420 кг;1100*500*80;
мр 46;marble_memorials;мрамор;розовый, серый, кремовый, бело-полосчатый, серо-голубой.;130 см;420 кг;1100*500*80;
мр 47;marble_memorials;мрамор;розовый, серый, кремовый, бело-полосчатый, серо-голубой.;150 см;500 кг;1300*700*80;
мр 48;marble_memorials;мрамор;розовый, серый, кремовый, бело-полосчатый, серо-голубой.;140 см;450 кг;1200**60080;
мр 49;marble_memorials;мрамор;розовый, серый, кремовый, бело-полосчатый, серо-голубой.;120 см;400 кг;1000*600*80;
мр 50;marble_memorials;мрамор;розовый, серый, кремовый, бело-полосчатый, серо-голубой.;150 см;500 кг;1300*700*80;
мр 51;marble_memorials;мрамор;розовый, серый, кремовый, бело-полосчатый, серо-голубой.;100 см;310 кг;800*400*80;
мр 52;marble_memorials;мрамор;розовый, серый, кремовый, бело-полосчатый, серо-голубой.;110 см;350 кг;900*450*80;
мр 53;marble_memorials;мрамор;розовый, серый, кремовый, бело-полосчатый, серо-голубой.;140 см;450 кг;1200*600*80;
мр 54;marble_memorials;мрамор;розовый, серый, кремовый, бело-полосчатый, серо-голубой.;170 см;700 кг;1000*900*100 пд 100*800 кр 500*400*80;
мр 55;marble_memorials;мрамор;розовый, серый, кремовый, бело-полосчатый, серо-голубой.;140 см;198 кг;1200*400*80;
мр 56;marble_memorials;мрамор;розовый, серый, кремовый, бело-полосчатый, серо-голубой.;140 см;198 кг;1200*400*80;
мр 57;marble_memorials;мрамор;розовый, серый, кремовый, бело-полосчатый, серо-голубой.;140 см;198 кг;1200*400*80;
мр 58;marble_memorials;мрамор;розовый, серый, кремовый, бело-полосчатый, серо-голубой.;140 см;198 кг;1200*400*80;
мр 59;marble_memorials;мрамор;розовый, серый, кремовый, бело-полосчатый, серо-голубой.;140 см;198 кг;1200*400*80;
мр 60;marble_memorials;мрамор;розовый, серый, кремовый, бело-полосчатый, серо-голубой.;140 см;198 кг;1200*400*80;
мр 61;marble_memorials;мрамор;розовый, серый, кремовый, бело-полосчатый, серо-голубой.;140 см;198 кг;1200*500*80;
мр 62;marble_memorials;мрамор;розовый, серый, кремовый, бело-полосчатый, серо-голубой.;140 см;518 кг;1200*700*80;
мр 63;marble_memorials;мрамор;розовый, серый, кремовый, бело-полосчатый, серо-голубой.;140 см;518 кг;1200*700*80;
мр 64;marble_memorials;мрамор;розовый, серый, кремовый, бело-полосчатый, серо-голубой.;140 см;350 кг;1200*500*80;
мр 65;marble_memorials;мрамор;розовый, серый, кремовый, бело-полосчатый, серо-голубой.;140 см;630кг;1200*700*80;
мр 66;marble_memorials;мрамор;розовый, серый, кремовый, бело-полосчатый, серо-голубой.;140 см;518 кг;1200*700*80;
мр 67;marble_memorials;мрамор;розовый, серый, кремовый, бело-полосчатый, серо-голубой.;140 см;519 кг;1200*700*80;
мр 68;marble_memorials;мрамор;розовый, серый, кремовый, бело-полосчатый, серо-голубой.;140 см;420 кг;1200*700*80;
мр 69;marble_memorials;мрамор;розовый, серый, кремовый, бело-полосчатый, серо-голубой.;140 см;420 кг;1200*500*80;
мр 70;marble_memorials;мрамор;розовый, серый, кремовый, бело-полосчатый, серо-голубой.;140 см;420 кг;1200*500*80;
мр 71;marble_memorials;мрамор;розовый, серый, кремовый, бело-полосчатый, серо-голубой.;140 см;420 кг;1200*500*80;
мр 72;marble_memorials;мрамор;розовый, серый, кремовый, бело-полосчатый, серо-голубой.;140 см;380 кг;1100*500*80;
мр 73;marble_memorials;мрамор;розовый, серый, кремовый, бело-полосчатый, серо-голубой.;140 см;420 кг;1200*500*80;
мр 74;marble_memorials;мрамор;розовый, серый, кремовый, бело-полосчатый, серо-голубой.;150 см;560 кг;1300*550*80;
мр 75;marble_memorials;мрамор;розовый, серый, кремовый, бело-полосчатый, серо-голубой.;120 см;310 кг;1000*500*80;
мр 76;marble_memorials;мрамор;розовый, серый, кремовый, бело-полосчатый, серо-голубой.;120 см;300 кг;1000*450*80;
мр 77;marble_memorials;мрамор;розовый, серый, кремовый, бело-полосчатый, серо-голубой.;140 см;420 кг;1200*500*80;
мр 78;marble_memorials;мрамор;розовый, серый, кремовый, бело-полосчатый, серо-голубой.;120 см;300 кг;1000*450*80;
мр 79;marble_memorials;мрамор;розовый, серый, кремовый, бело-полосчатый, серо-голубой.;140 см;500 кг;1200*650*80;
мр 80;marble_memorials;мрамор;розовый, серый, кремовый, бело-полосчатый, серо-голубой.;140 см;500 кг;1200*650*80;
мр 81;marble_memorials;мрамор;розовый, серый, кремовый, бело-полосчатый, серо-голубой.;120 см;420 кг;1000*800*80;
мр 82;marble_memorials;мрамор;розовый, серый, кремовый, бело-полосчатый, серо-голубой.;100 см;390 кг;800*900*80;
мр 83;marble_memorials;мрамор;розовый, серый, кремовый, бело-полосчатый, серо-голубой.;140 см;650 кг;1200*650*150;
мр 84;marble_memorials;мрамор;розовый, серый, кремовый, бело-полосчатый, серо-голубой.;150 см;1070 кг;1300*950*200;
мр 85;marble_memorials;мрамор;розовый, серый, кремовый, бело-полосчатый, серо-голубой.;130 см;590 кг;1100*600*150;
мр 86;marble_memorials;мрамор;розовый, серый, кремовый, бело-полосчатый, серо-голубой.;140 см;650 кг;1200*650*150;
мр 87;marble_memorials;мрамор;розовый, серый, кремовый, бело-полосчатый, серо-голубой.;80 см;650 кг;700*1400*80;
мр 88;marble_memorials;мрамор;розовый, серый, кремовый, бело-полосчатый, серо-голубой.;80 см;650 кг;700*1400*80;
мр 89;marble_memorials;мрамор;розовый, серый, кремовый, бело-полосчатый, серо-голубой.;80 см;650 кг;700*1400*80;
мр 90;marble_memorials;мрамор;розовый, серый, кремовый, бело-полосчатый, серо-голубой.;40 см;650 кг;кн 500*700*80 пд 400*400*20 плита 1200*650*70;
