post_title;category;post_content;stock
МЕ-608-80;popular_energo80;черный гранит;1
МЕ-700-80;popular_energo80;черный гранит;1
ЕМ-18-80;popular_energo80;светло-серый гранит с большой гранитной плиткой;1
ЕМ- 15-100;popular_energo100;темно-серый гранит  с большой гранитной плиткой;1
ЕМ- 18-100;popular_energo100;светло-серый гранит с большой гранитной плиткой;1
МЕ-100*45*7;popular_energo100;черный гранит;1
МЕ-100*45*5;popular_energo100;черный гранит;1
МЕ-237-100;popular_energo100;черный гранит;1
МЕ-514-100;popular_energo100;черный гранит;1
МЕ-30;popular_vertical;черный гранит;1
МЕ-513;popular_vertical;черный гранит;1
ЕМ-29;popular_vertical;черный гранит;1
МЕ-202;popular_vertical;черный гранит;1
МЕ-239;popular_vertical;черный гранит;1
МЕ-65;popular_vertical;черный гранит;1
ЕМ-55;popular_vertical;черный гранит;1
МЕ-242 ВН;popular_vertical;черный гранит;1
Ем -76;popular_vertical;черный гранит;1
МЕ 9 э;popular_family;черный гранит;1
МЕ 19;popular_family;черный гранит;1
Ем-18-80;granit_energo80;светло-серый гранит с маленькой плиткой;1
Ем-19-80;granit_energo80;светло-серый гранит с маленькой плиткой;1
Ем-29-80;granit_energo80;светло-серый гранит с маленькой плиткой;1
Ем-48-80;granit_energo80;светло-серый гранит с маленькой плиткой;1
Ем-58-80;granit_energo80;светло-серый гранит с маленькой плиткой;1
Ем-18-80;granit_energo80;светло-серый гранит с Большой Гранитной плиткой;1
Ем-19-80;granit_energo80;светло-серый гранит с Большой Гранитной плиткой;1
МЕ-202-80;granit_energo80;светло-серый гранит с маленькой плиткой;1
МЕ-607-80;granit_energo80;светло-серый гранит с маленькой плиткой;1
МЕ-608-80;granit_energo80;светло-серый гранит с маленькой плиткой;1
МЕ-202-80;granit_energo80;светло-серый гранит с Большой Гранитной плиткой;1
МЕ-607-80;granit_energo80;светло-серый гранит с Большой Гранитной плиткой;1
МЕ-608-80;granit_energo80;светло-серый гранит с Большой Гранитной плиткой;1
ЕМ- 13-80;granit_energo80;темно-серый гранит ;1
Ем-18-80;granit_energo80;темно-серый гранит ;1
Ем-19-80;granit_energo80;темно-серый гранит ;1
Ем-41-80;granit_energo80;темно-серый гранит ;1
Ем-48-80;granit_energo80;темно-серый гранит ;1
Ем-20-80;granit_energo80;темно-серый гранит ;1
Ем-23-80;granit_energo80;темно-серый гранит ;1
Ем-29-80;granit_energo80;темно-серый гранит ;1
Ем-39-80;granit_energo80;темно-серый гранит ;1
Ем-42-80;granit_energo80;темно-серый гранит ;1
Ем-55-80;granit_energo80;темно-серый гранит ;1
Ем-56-80;granit_energo80;темно-серый гранит ;1
Ем-57-80;granit_energo80;темно-серый гранит ;1
Ем-58-80;granit_energo80;темно-серый гранит ;1
Ем-10-80;granit_energo80;черный гранит;1
Ем-13-80;granit_energo80;черный гранит;1
Ем-19-80;granit_energo80;черный гранит;1
Ем-20-80;granit_energo80;черный гранит;1
Ем-28-80;granit_energo80;черный гранит;1
Ем-29-80;granit_energo80;черный гранит;1
Ем-42-80;granit_energo80;черный гранит;1
Ем-48-80;granit_energo80;черный гранит;1
Ем-55-80;granit_energo80;черный гранит;1
МЕ-прямой-80;granit_energo80;черный гранит;1
МЕ-30-80;granit_energo80;черный гранит;1
МЕ-38-80;granit_energo80;черный гранит;1
МЕ-46-80;granit_energo80;черный гранит;1
МЕ-202-80;granit_energo80;черный гранит;1
МЕ-223-80;granit_energo80;черный гранит;1
МЕ-225-80;granit_energo80;черный гранит;1
МЕ-501-80;granit_energo80;черный гранит;1
МЕ-607-80;granit_energo80;черный гранит;1
МЕ-608-80;granit_energo80;черный гранит;1
МЕ-705-80;granit_energo80;черный гранит;1
Ем-11-100;granit_energo100;светло-серый гранит с Большой Гранитной плиткой;1
Ем-18-100;granit_energo100;светло-серый гранит с Большой Гранитной плиткой;1
Ем-19-100;granit_energo100;светло-серый гранит с Большой Гранитной плиткой;1
Ем-21-100;granit_energo100;светло-серый гранит с Большой Гранитной плиткой;1
Ем-48-100;granit_energo100;светло-серый гранит с Большой Гранитной плиткой;1
Ем-15-100;granit_energo100;светло-серый гранит с Большой Гранитной плиткой;1
Ем-23-100;granit_energo100;светло-серый гранит с Большой Гранитной плиткой;1
Ем-29-100;granit_energo100;светло-серый гранит с Большой Гранитной плиткой;1
Ем-39-100;granit_energo100;светло-серый гранит с Большой Гранитной плиткой;1
Ем-42-100;granit_energo100;светло-серый гранит с Большой Гранитной плиткой;1
Ем-56-100;granit_energo100;светло-серый гранит с Большой Гранитной плиткой;1
Ем-57-100;granit_energo100;светло-серый гранит с Большой Гранитной плиткой;1
Ем-58-100;granit_energo100;светло-серый гранит с Большой Гранитной плиткой;1
ЕМ- 11-100;granit_energo100;темно-серый гранит ;1
ЕМ- 15-100;granit_energo100;темно-серый гранит ;1
ЕМ- 21-100;granit_energo100;темно-серый гранит ;1
ЕМ- 20-100;granit_energo100;темно-серый гранит ;1
ЕМ- 23-100;granit_energo100;темно-серый гранит ;1
ЕМ- 29-100;granit_energo100;темно-серый гранит ;1
ЕМ- 41-100;granit_energo100;темно-серый гранит ;1
Ем-56-100;granit_energo100;темно-серый гранит ;1
Ем-57-100;granit_energo100;темно-серый гранит ;1
Ем-58-100;granit_energo100;темно-серый гранит ;1
ЕМ- 11-100;granit_energo100;темно-серый гранит с Большой гранитной плиткой;1
ЕМ- 15-100;granit_energo100;темно-серый гранит с Большой гранитной плиткой;1
ЕМ- 18-100;granit_energo100;темно-серый гранит с Большой гранитной плиткой;1
ЕМ- 19-100;granit_energo100;темно-серый гранит с Большой гранитной плиткой;1
ЕМ- 23-100;granit_energo100;темно-серый гранит с Большой гранитной плиткой;1
ЕМ- 29-100;granit_energo100;темно-серый гранит с Большой гранитной плиткой;1
Ем-56-100;granit_energo100;темно-серый гранит с Большой гранитной плиткой;1
Ем-57-100;granit_energo100;темно-серый гранит с Большой гранитной плиткой;1
Ем-58-100;granit_energo100;темно-серый гранит с Большой гранитной плиткой;1
МЕ-1000*450*50;granit_energo100;черный гранит;1
ЕМ- 13-100;granit_energo100;черный гранит;1
ЕМ- 19-100;granit_energo100;черный гранит;1
ЕМ- 41-100;granit_energo100;черный гранит;1
ЕМ- 48-100;granit_energo100;черный гранит;1
ЕМ- 55-100;granit_energo100;черный гранит;1
МЕ-26-100;granit_energo100;черный гранит;1
МЕ-30-100;granit_energo100;черный гранит;1
МЕ-38-100;granit_energo100;черный гранит;1
МЕ-46-100;granit_energo100;черный гранит;1
МЕ-51-100;granit_energo100;черный гранит;1
МЕ-202-100;granit_energo100;черный гранит;1
МЕ-223-100;granit_energo100;черный гранит;1
МЕ-225-100;granit_energo100;черный гранит;1
МЕ-236-100;granit_energo100;черный гранит;1
МЕ-237-100;granit_energo100;черный гранит;1
МЕ-239-100;granit_energo100;черный гранит;1
МЕ-501-100;granit_energo100;черный гранит;1
МЕ-502-100;granit_energo100;черный гранит;1
МЕ-513-100;granit_energo100;черный гранит;1
МЕ-514-100;granit_energo100;черный гранит;1
МЕ-603-100;granit_energo100;черный гранит;1
МЕ-607-100;granit_energo100;черный гранит;1
МЕ-608-100;granit_energo100;черный гранит;1
Ме 100*45*7;granit_vertical;черный гранит;1
Ме 24;granit_vertical;черный гранит;1
МЕ 25;granit_vertical;черный гранит;1
ме-29;granit_vertical;черный гранит;1
ме-30;granit_vertical;черный гранит;1
ме31;granit_vertical;черный гранит;1
ме31 ВН;granit_vertical;черный гранит;1
ме-37;granit_vertical;черный гранит;1
ме-38 ВН;granit_vertical;черный гранит;1
ме-42;granit_vertical;черный гранит;1
ме-46;granit_vertical;черный гранит;1
ме-51;granit_vertical;черный гранит;1
ме-52;granit_vertical;черный гранит;1
ме-56;granit_vertical;черный гранит;1
ме-61;granit_vertical;черный гранит;1
ме-65;granit_vertical;черный гранит;1
ме-66;granit_vertical;черный гранит;1
ме-89 ВН;granit_vertical;черный гранит;1
ме-106;granit_vertical;черный гранит;1
ме-202;granit_vertical;черный гранит;1
ме-206;granit_vertical;черный гранит;1
ме-206 ВН;granit_vertical;черный гранит;1
ме-207;granit_vertical;черный гранит;1
ме-207 ВН;granit_vertical;черный гранит;1
ме-218;granit_vertical;черный гранит;1
ме-218 ВН;granit_vertical;черный гранит;1
ме-220;granit_vertical;черный гранит;1
ме-225;granit_vertical;черный гранит;1
ме-228;granit_vertical;черный гранит;1
ме-228 ВН;granit_vertical;черный гранит;1
ме-230;granit_vertical;черный гранит;1
ме-231 ВН;granit_vertical;черный гранит;1
ме-232 ВН;granit_vertical;черный гранит;1
ме-233;granit_vertical;черный гранит;1
ме-234 ВН;granit_vertical;черный гранит;1
ме-235;granit_vertical;черный гранит;1
ме-236;granit_vertical;черный гранит;1
ме-237;granit_vertical;черный гранит;1
ме-239;granit_vertical;черный гранит;1
ме-240;granit_vertical;черный гранит;1
ме-241;granit_vertical;черный гранит;1
ме-242 ВН;granit_vertical;черный гранит;1
ме-246;granit_vertical;черный гранит;1
ме-247 ВН;granit_vertical;черный гранит;1
ме-248;granit_vertical;черный гранит;1
ме-248 ВН;granit_vertical;черный гранит;1
ме-251;granit_vertical;черный гранит;1
ме-253;granit_vertical;черный гранит;1
ме-502;granit_vertical;черный гранит;1
ме-502 ВН;granit_vertical;черный гранит;1
ме-503;granit_vertical;черный гранит;1
ме-505;granit_vertical;черный гранит;1
ме-506;granit_vertical;черный гранит;1
ме-507;granit_vertical;черный гранит;1
ме-510;granit_vertical;черный гранит;1
ме-511;granit_vertical;черный гранит;1
ме-512;granit_vertical;черный гранит;1
ме-513;granit_vertical;черный гранит;1
ме-513 ВН;granit_vertical;черный гранит;1
ме-514;granit_vertical;черный гранит;1
ме-515;granit_vertical;черный гранит;1
ме-600;granit_vertical;черный гранит;1
ме-602;granit_vertical;черный гранит;1
ме-602 ВН;granit_vertical;черный гранит;1
ме-603;granit_vertical;черный гранит;1
ме-607;granit_vertical;черный гранит;1
ме-608;granit_vertical;черный гранит;1
ме-609;granit_vertical;черный гранит;1
ме-614;granit_vertical;черный гранит;1
ме-614 ВН;granit_vertical;черный гранит;1
ме-700;granit_vertical;черный гранит;1
ме-700 ВН;granit_vertical;черный гранит;1
ме-701;granit_vertical;черный гранит;1
ме-702;granit_vertical;черный гранит;1
ме-703;granit_vertical;черный гранит;1
ме-704;granit_vertical;черный гранит;1
ме-705;granit_vertical;черный гранит;1
ме801;granit_vertical;черный гранит;1
ме802;granit_vertical;черный гранит;1
Ем-10;granit_vertical;черный гранит;1
ем-23;granit_vertical;черный гранит;1
ем-29;granit_vertical;черный гранит;1
ем-40;granit_vertical;черный гранит;1
ем-42е;granit_vertical;черный гранит;1
ем 49;granit_vertical;черный гранит;1
ем-53;granit_vertical;черный гранит;1
Ем-55;granit_vertical;черный гранит;1
ем-61е;granit_vertical;черный гранит;1
ем-69;granit_vertical;черный гранит;1
ем-70;granit_vertical;черный гранит;1
ем -74;granit_vertical;черный гранит;1
ем 76;granit_vertical;черный гранит;1
ем 77;granit_vertical;черный гранит;1
ем 78;granit_vertical;черный гранит;1
ем 80;granit_vertical;черный гранит;1
ем 81;granit_vertical;черный гранит;1
ем 91;granit_vertical;черный гранит;1
ем 92;granit_vertical;черный гранит;1
ем 94;granit_vertical;черный гранит;1
ем 96;granit_vertical;черный гранит;1
МЕ 80*40*5;granit_pr;черный гранит;1
Ме 100*45*7;granit_pr;черный гранит;1
МЕ 120*60*8;granit_pr;черный гранит;1
ме 130*60*10;granit_pr;черный гранит;1
ме 150*60*10;granit_pr;черный гранит;1
ме 2метра;granit_pr;черный гранит;1
ме 19 с/с;granit_family_e;светло серый гранит;1
ме 96 с/с;granit_family_e;светло серый гранит;1
ем 46 т/с;granit_family_e;темно серый ;1
ем 65 т/с;granit_family_e;темно серый ;1
ем 66 т/с;granit_family_e;темно серый ;1
ем 86 т/с;granit_family_e;темно серый ;1
ме 7 э;granit_family_e;черный гранит;1
ме 9 э;granit_family_e;черный гранит;1
ме 10 э;granit_family_e;черный гранит;1
ме 19 э;granit_family_e;черный гранит;1
ме 96 э;granit_family_e;черный гранит;1
ме 97 э;granit_family_e;черный гранит;1
ме 610 э;granit_family_e;черный гранит;1
ме 611 э;granit_family_e;черный гранит;1
ме 612 э;granit_family_e;черный гранит;1
ме 7 квадро;granit_family_e;черный гранит;1
ме 9 квадро;granit_family_e;черный гранит;1
ме 19 квадро;granit_family_e;черный гранит;1
ме 96 квадро;granit_family_e;черный гранит;1
ем 46 эк;granit_family_e;черный гранит;1
ем 65 эк;granit_family_e;черный гранит;1
ем 66 эк;granit_family_e;черный гранит;1
ем 86 эк;granit_family_e;черный гранит;1
ме 110 а;granit_family_h;черный гранит;1
ме 110 ;granit_family_h;черный гранит;1
ме 5;granit_family_h;черный гранит;1
ме 6;granit_family_h;черный гранит;1
ме 7;granit_family_h;черный гранит;1
ме 9;granit_family_h;черный гранит;1
ме 10;granit_family_h;черный гранит;1
ме 12;granit_family_h;черный гранит;1
ме 19;granit_family_h;черный гранит;1
ме 96;granit_family_h;черный гранит;1
ме 97;granit_family_h;черный гранит;1
ме 245 ВН;granit_family_h;черный гранит;1
ме 606;granit_family_h;черный гранит;1
ме 613 вн;granit_family_h;черный гранит;1
ме 7а;granit_family_h;черный гранит;1
ме 9а;granit_family_h;черный гранит;1
ме 10а;granit_family_h;черный гранит;1
ме 19а;granit_family_h;черный гранит;1
ме 96а;granit_family_h;черный гранит;1
ме 99а;granit_family_h;черный гранит;1
ме 7а высокий;granit_not_standart;черный гранит;1
ме 9а высокий;granit_not_standart;черный гранит;1
ме 10а высокий;granit_not_standart;черный гранит;1
ме 19а высокий;granit_not_standart;черный гранит;1
ме 96а высокий;granit_not_standart;черный гранит;1
ме 99а высокий;granit_not_standart;черный гранит;1
ме 124;granit_not_standart;черный гранит;1
ме 125 ;granit_not_standart;черный гранит;1
ме 240 ;granit_not_standart;черный гранит;1
ме 130;granit_not_standart;черный гранит;1
ме 132;granit_not_standart;черный гранит;1
ме 133/1;granit_not_standart;черный гранит;1
ме 133/2;granit_not_standart;черный гранит;1
ме 133/3;granit_not_standart;черный гранит;1
ме 110 а;granit_not_standart;черный гранит;1
ме 110 ;granit_not_standart;черный гранит;1
ме 46-1200;granit_not_standart;черный гранит;1
ме 65- 1200;granit_not_standart;черный гранит;1
ме 216 - 1200;granit_not_standart;черный гранит;1
ме 218-1200;granit_not_standart;черный гранит;1
ме 253-1200;granit_not_standart;черный гранит;1
ме 514-1200;granit_not_standart;черный гранит;1
ме 46-1300;granit_not_standart;черный гранит;1
ме 65- 1300;granit_not_standart;черный гранит;1
ме 216 - 1300;granit_not_standart;черный гранит;1
ме 218-1300;granit_not_standart;черный гранит;1
ме 253-1300;granit_not_standart;черный гранит;1
ме 514-1300;granit_not_standart;черный гранит;1
ме 46-1500;granit_not_standart;черный гранит;1
ме 65- 1500;granit_not_standart;черный гранит;1
ме 216 - 1500;granit_not_standart;черный гранит;1
ме 218-1500;granit_not_standart;черный гранит;1
ме 253-1500;granit_not_standart;черный гранит;1
ме 514-1500;granit_not_standart;черный гранит;1
дж 1;granit_not_standart;черный гранит;1
дж 2;granit_not_standart;черный гранит;1
дж 3;granit_not_standart;черный гранит;1
дж 4;granit_not_standart;черный гранит;1
дж 5;granit_not_standart;черный гранит;1
дж 6;granit_not_standart;черный гранит;1
дж 7;granit_not_standart;черный гранит;1
дж 8;granit_not_standart;черный гранит;1
дж 9;granit_not_standart;черный гранит;1
дж 10;granit_not_standart;черный гранит;1
дж 11;granit_not_standart;черный гранит;1
дж 12;granit_not_standart;черный гранит;1
дж 13;granit_not_standart;черный гранит;1
дж 14;granit_not_standart;черный гранит;1
дж 15;granit_not_standart;черный гранит;1
дж 16;granit_not_standart;черный гранит;1
дж 17;granit_not_standart;черный гранит;1
дж 18;granit_not_standart;черный гранит;1
дж 19;granit_not_standart;черный гранит;1
дж 21;granit_not_standart;черный гранит;1
Ме 100*45*7;granit_color;зелёный гранит;1
Ме 24;granit_color;зелёный гранит;1
МЕ 25;granit_color;зелёный гранит;1
ме-29;granit_color;зелёный гранит;1
ме-30;granit_color;зелёный гранит;1
ме31;granit_color;зелёный гранит;1
ме31 ВН;granit_color;зелёный гранит;1
ме-37;granit_color;зелёный гранит;1
ме-38 ВН;granit_color;зелёный гранит;1
ме-42;granit_color;зелёный гранит;1
ме-46;granit_color;зелёный гранит;1
ме-51;granit_color;зелёный гранит;1
ме-52;granit_color;зелёный гранит;1
ме-56;granit_color;зелёный гранит;1
ме-61;granit_color;зелёный гранит;1
ме-65;granit_color;зелёный гранит;1
ме-66;granit_color;зелёный гранит;1
ме-89 ВН;granit_color;зелёный гранит;1
ме-106;granit_color;зелёный гранит;1
ме-202;granit_color;зелёный гранит;1
ме-206;granit_color;зелёный гранит;1
ме-206 ВН;granit_color;зелёный гранит;1
ме-207;granit_color;зелёный гранит;1
ме-207 ВН;granit_color;зелёный гранит;1
ме-218;granit_color;зелёный гранит;1
ме-218 ВН;granit_color;зелёный гранит;1
ме-220;granit_color;зелёный гранит;1
ме-225;granit_color;зелёный гранит;1
ме-228;granit_color;зелёный гранит;1
ме-228 ВН;granit_color;зелёный гранит;1
ме-230;granit_color;зелёный гранит;1
ме-231 ВН;granit_color;зелёный гранит;1
ме-232 ВН;granit_color;зелёный гранит;1
ме-233;granit_color;зелёный гранит;1
ме-234 ВН;granit_color;зелёный гранит;1
ме-235;granit_color;зелёный гранит;1
ме-236;granit_color;зелёный гранит;1
ме-237;granit_color;зелёный гранит;1
ме-239;granit_color;зелёный гранит;1
ме-240;granit_color;зелёный гранит;1
ме-241;granit_color;зелёный гранит;1
ме-242 ВН;granit_color;зелёный гранит;1
ме-246;granit_color;зелёный гранит;1
ме-247 ВН;granit_color;зелёный гранит;1
ме-248;granit_color;зелёный гранит;1
ме-248 ВН;granit_color;зелёный гранит;1
ме-251;granit_color;зелёный гранит;1
ме-253;granit_color;зелёный гранит;1
ме-502;granit_color;зелёный гранит;1
ме-502 ВН;granit_color;зелёный гранит;1
ме-503;granit_color;зелёный гранит;1
ме-505;granit_color;зелёный гранит;1
ме-506;granit_color;зелёный гранит;1
ме-507;granit_color;зелёный гранит;1
ме-510;granit_color;зелёный гранит;1
ме-511;granit_color;зелёный гранит;1
ме-512;granit_color;зелёный гранит;1
ме-513;granit_color;зелёный гранит;1
ме-513 ВН;granit_color;зелёный гранит;1
ме-514;granit_color;зелёный гранит;1
ме-515;granit_color;зелёный гранит;1
ме-600;granit_color;зелёный гранит;1
ме-602;granit_color;зелёный гранит;1
ме-602 ВН;granit_color;зелёный гранит;1
ме-603;granit_color;зелёный гранит;1
ме-607;granit_color;зелёный гранит;1
ме-608;granit_color;зелёный гранит;1
ме-609;granit_color;зелёный гранит;1
ме-614;granit_color;зелёный гранит;1
ме-614 ВН;granit_color;зелёный гранит;1
ме-700;granit_color;зелёный гранит;1
ме-700 ВН;granit_color;зелёный гранит;1
ме-701;granit_color;зелёный гранит;1
ме-702;granit_color;зелёный гранит;1
ме-703;granit_color;зелёный гранит;1
ме-704;granit_color;зелёный гранит;1
ме-705;granit_color;зелёный гранит;1
ме801;granit_color;зелёный гранит;1
ме802;granit_color;зелёный гранит;1
Ем-10;granit_color;красный гранит;1
ем-23;granit_color;красный гранит;1
ем-29;granit_color;красный гранит;1
ем-40;granit_color;красный гранит;1
ем-42е;granit_color;красный гранит;1
ем 49;granit_color;красный гранит;1
ем-53;granit_color;красный гранит;1
Ем-55;granit_color;красный гранит;1
ем-61е;granit_color;красный гранит;1
ем-69;granit_color;красный гранит;1
ем-70;granit_color;красный гранит;1
ем -74;granit_color;красный гранит;1
ем 76;granit_color;красный гранит;1
ем 77;granit_color;красный гранит;1
ем 78;granit_color;красный гранит;1
ем 80;granit_color;красный гранит;1
ем 81;granit_color;красный гранит;1
ем 91;granit_color;красный гранит;1
ем 92;granit_color;красный гранит;1
ем 94;granit_color;красный гранит;1
ем 96;granit_color;красный гранит;1
Ем-10;granit_color;красный гранит;1
ем-23;granit_color;красный гранит;1
ем-29;granit_color;красный гранит;1
ем-40;granit_color;красный гранит;1
ем-42е;granit_color;красный гранит;1
ем 49;granit_color;красный гранит;1
ем-53;granit_color;красный гранит;1
Ем-55;granit_color;красный гранит;1
ем-61е;granit_color;красный гранит;1
ем-69;granit_color;красный гранит;1
ем-70;granit_color;красный гранит;1
ем -74;granit_color;красный гранит;1
ем 76;granit_color;красный гранит;1
ем 77;granit_color;красный гранит;1
ем 78;granit_color;красный гранит;1
ем 80;granit_color;красный гранит;1
ем 81;granit_color;красный гранит;1
ем 91;granit_color;красный гранит;1
ем 92;granit_color;красный гранит;1
ем 94;granit_color;красный гранит;1
ем 96;granit_color;красный гранит;1
Ем-10;granit_color;красный гранит;1
ем-23;granit_color;красный гранит;1
ем-29;granit_color;красный гранит;1
ем-40;granit_color;красный гранит;1
ем-42е;granit_color;красный гранит;1
ем 49;granit_color;красный гранит;1
ем-53;granit_color;красный гранит;1
Ем-55;granit_color;красный гранит;1
ем-61е;granit_color;красный гранит;1
ем-69;granit_color;красный гранит;1
ем-70;granit_color;красный гранит;1
ем -74;granit_color;красный гранит;1
ем 76;granit_color;красный гранит;1
ем 77;granit_color;красный гранит;1
ем 78;granit_color;красный гранит;1
ем 80;granit_color;красный гранит;1
ем 81;granit_color;красный гранит;1
ем 91;granit_color;красный гранит;1
ем 92;granit_color;красный гранит;1
ем 94;granit_color;красный гранит;1
ем 96;granit_color;красный гранит;1
1о;marble_memorials;мрамор;1
16о;marble_memorials;мрамор;1
2пл;marble_memorials;мрамор;1
17пл;marble_memorials;мрамор;1
6пл;marble_memorials;мрамор;1
10пл;marble_memorials;мрамор;1
3пл;marble_memorials;мрамор;1
12пл;marble_memorials;мрамор;1
16пл;marble_memorials;мрамор;1
1ф;marble_memorials;мрамор;1
1аф;marble_memorials;мрамор;1
11ф;marble_memorials;мрамор;1
11аф;marble_memorials;мрамор;1
2п;marble_memorials;мрамор;1
17п;marble_memorials;мрамор;1
6п;marble_memorials;мрамор;1
10п;marble_memorials;мрамор;1
3п;marble_memorials;мрамор;1
12п;marble_memorials;мрамор;1
16п;marble_memorials;мрамор;1
1;marble_memorials;мрамор;1
1а;marble_memorials;мрамор;1
11;marble_memorials;мрамор;1
11а;marble_memorials;мрамор;1
3;marble_memorials;мрамор;1
12;marble_memorials;мрамор;1
4;marble_memorials;мрамор;1
4а;marble_memorials;мрамор;1
5;marble_memorials;мрамор;1
5а;marble_memorials;мрамор;1
8а;marble_memorials;мрамор;1
13;marble_memorials;мрамор;1
10;marble_memorials;мрамор;1
10а;marble_memorials;мрамор;1
16;marble_memorials;мрамор;1
6;marble_memorials;мрамор;1
6а;marble_memorials;мрамор;1
7;marble_memorials;мрамор;1
7а;marble_memorials;мрамор;1
7в;marble_memorials;мрамор;1
9;marble_memorials;мрамор;1
17;marble_memorials;мрамор;1
14;marble_memorials;мрамор;1
14а;marble_memorials;мрамор;1
15;marble_memorials;мрамор;1
15а;marble_memorials;мрамор;1
18;marble_memorials;мрамор;1
18а;marble_memorials;мрамор;1
19;marble_memorials;мрамор;1
19а;marble_memorials;мрамор;1
20;marble_memorials;мрамор;1
33;marble_memorials;мрамор;1
33а;marble_memorials;мрамор;1
34;marble_memorials;мрамор;1
34а;marble_memorials;мрамор;1
21;marble_memorials;мрамор;1
21а;marble_memorials;мрамор;1
22;marble_memorials;мрамор;1
22а;marble_memorials;мрамор;1
23;marble_memorials;мрамор;1
23а;marble_memorials;мрамор;1
24;marble_memorials;мрамор;1
24а;marble_memorials;мрамор;1
25;marble_memorials;мрамор;1
25а;marble_memorials;мрамор;1
26;marble_memorials;мрамор;1
27;marble_memorials;мрамор;1
28;marble_memorials;мрамор;1
29;marble_memorials;мрамор;1
29а;marble_memorials;мрамор;1
30;marble_memorials;мрамор;1
31;marble_memorials;мрамор;1
32;marble_memorials;мрамор;1
